customer_id,age,income,city,education,experience_years,employment_type,credit_score,loan_amount,default
101872,33.0,59985.0,Jaipur,Graduate,7.0,Salaried,790.0,,No
100356,25.0,63499.0,Delhi,Postgraduate,4.0,Salaried,666.0,75592.0,No
101342,35.0,48128.0,Mumbai,Postgraduate,9.0,Business,689.0,36649.0,No
100910,57.0,109811.0,Mumbai,Graduate,31.0,Salaried,742.0,129423.0,No
101297,44.0,138290.0,Hyderabad,10th,17.0,Salaried,764.0,,No
101280,32.0,74594.0,Pune,10th,6.0,Salaried,736.0,41080.0,No
100943,42.0,78226.0,Delhi,10th,16.0,Salaried,850.0,23758.0,No
101743,36.0,65645.0,Mumbai,Graduate,13.0,Salaried,637.0,78358.0,Yes
100067,34.0,14382.0,Pune,Postgraduate,7.0,Salaried,701.0,14419.0,No
101331,50.0,90913.0,Bangalore,Graduate,27.0,Self-Employed,675.0,,No
100057,27.0,42326.0, Mumbai,Graduate,6.0,Contract,709.0,1780.0,No
101300,38.0,102807.0,Mumbai,Postgraduate,18.0,Salaried,850.0,101769.0,No
101124,24.0,45169.0,Hyderabad,Graduate,4.0,Salaried,807.0,32322.0,No
100588,27.0,49190.0,Mumbai,Postgraduate,3.0,Salaried,794.0,46879.0,No
100377,44.0,45126.0,Delhi,12th,23.0,Salaried,814.0,50329.0,No
100277,37.0,79917.0,Delhi,Graduate,12.0,Salaried,,32259.0,No
100750,21.0,49150.0,Kolkata,Diploma,0.0,Self-Employed,674.0,46180.0,No
100130,30.0,81641.0,Bangalore,Graduate,3.0,Salaried,600.0,44465.0,Yes
101658,48.0,17458.0,Chennai,12th,23.0,Unemployed,728.0,21754.0,No
101864,18.0,48850.0,Bangalore,Graduate,,Salaried,784.0,41428.0,No
100678,53.0,23259.0,Delhi,Postgraduate,31.0,Contract,542.0,1811.0,Yes
101676,32.0,57249.0,Kolkata,Graduate,8.0,Contract,578.0,8999.0,Yes
101994,42.0,83133.0,Mumbai,Postgraduate,23.0,Salaried,778.0,91480.0,No
101089,32.0,18807.0,Hyderabad,Graduate,9.0,Salaried,781.0,11347.0,No
101934,34.0,83580.0,Pune,Graduate,15.0,Self-Employed,661.0,33783.0,No
100101,21.0,67651.0,Kolkata,Graduate,0.0,Salaried,643.0,41820.0,No
101185,25.0,35810.0,Bangalore,12th,0.0,Self-Employed,802.0,21029.0,No
100969,35.0,20206.0,Chennai,12th,11.0,Self-Employed,774.0,10317.0,No
100797,35.0,75381.0,Chennai,10th,15.0,Unemployed,,70997.0,No
100030,32.0,41969.0,Jaipur,Graduate,7.0,Salaried,730.0,,No
100632,50.0,70958.0,,Graduate,29.0,Contract,762.0,61551.0,No
100949,35.0,,Pune,Graduate,9.0,Salaried,678.0,14326.0,No
100576,18.0,29837.0,Hyderabad,Graduate,0.0,Salaried,747.0,29649.0,No
100912,37.0,66986.0,,12th,13.0,Contract,533.0,13032.0,Yes
101086,39.0,65224.0,Hyderabad,Diploma,12.0,Salaried,717.0,60244.0,No
100454,40.0,37102.0,Pune,Graduate,19.0,Business,581.0,15496.0,Yes
101620,46.0,89962.0,Hyderabad,12th,19.0,Self-Employed,604.0,97801.0,Yes
101298,32.0,32698.0,Pune,Graduate,14.0,Salaried,736.0,14224.0,No
101084,56.0,29752.0,Pune,Graduate,37.0,Business,585.0,18776.0,Yes
100256,30.0,67177.0,Chennai, 12th,9.0,Contract,758.0,61198.0,No
100126,57.0,74310.0,Hyderabad,Graduate,32.0,Business,761.0,39390.0,No
101939,46.0,45383.0,Mumbai,Graduate,19.0,Salaried,626.0,1000.0,No
100253,56.0,24759.0,Delhi,Graduate,35.0,Salaried,684.0,14926.0,No
100589,43.0,35421.0,Chennai,Postgraduate,,Salaried,674.0,28713.0,No
101579,28.0,35124.0,Hyderabad,Diploma,10.0,Salaried,735.0,45074.0,No
100829,31.0,92817.0,Kolkata,Diploma,10.0,Business,628.0,94387.0,No
100511,38.0,71691.0,Bangalore,Graduate,17.0,Salaried,710.0,1000.0,No
100894,47.0,,Pune,10th,21.0,Salaried,743.0,70742.0,No
100072,50.0,108549.0,Mumbai,Graduate,31.0,Salaried,628.0,64102.0,No
101619,31.0,106108.0,Hyderabad,Graduate,9.0,Salaried,621.0,89572.0,No
101543,52.0,89212.0,Kolkata,Graduate,27.0,Self-Employed,576.0,98065.0,Yes
100249,53.0,49567.0,Jaipur,Graduate,34.0,Business,719.0,33920.0,No
101460,42.0,28873.0,Pune,Graduate,17.0,Salaried,679.0,16532.0,No
100214,42.0,42892.0,Pune,Postgraduate,17.0,Salaried,732.0,47692.0,No
100914,51.0,83445.0,Bangalore,Diploma,31.0,Business,684.0,84073.0,No
101753,28.0,109552.0,Jaipur,Graduate,10.0,Self-Employed,687.0,126730.0,No
101250,19.0,19796.0,Pune,Graduate,0.0,Unemployed,688.0,17881.0,No
101708,54.0,115705.0,Kolkata,10th,30.0,Salaried,741.0,31272.0,No
101188,33.0,89915.0,Chennai,10th,11.0,Business,746.0,47464.0,No
100364,39.0,101424.0,Delhi,Graduate,15.0,Contract,644.0,62099.0,No
101483,52.0,45088.0,Chennai,,33.0,Contract,705.0,37212.0,No
100682,24.0,46582.0,Mumbai,Graduate,3.0,Self-Employed,720.0,23753.0,No
101633,29.0,48306.0,Hyderabad,Diploma,8.0,Self-Employed,707.0,1000.0,No
101095,42.0,34199.0,Jaipur,12th,24.0,Salaried,737.0,22007.0,No
102000,28.0,67067.0,Jaipur,12th,4.0,Contract,763.0,58906.0,No
101859,38.0,36934.0,Mumbai,Postgraduate,11.0,Salaried,705.0,18091.0,No
100992,18.0,76592.0,Hyderabad,10th,0.0,Salaried,689.0,71522.0,No
101522,41.0,13958.0,Delhi,Graduate,21.0,Contract,684.0,12669.0,No
100113,36.0,56252.0,Delhi,Diploma,14.0,Salaried,697.0,43901.0,No
101497,56.0,86130.0,Chennai,Graduate,,Contract,786.0,62286.0,No
101463,33.0,,Mumbai,Postgraduate,10.0,Salaried,724.0,31064.0,No
100386,37.0,36240.0,Chennai,Postgraduate,11.0,Salaried,702.0,23970.0,No
101404,42.0,52090.0,Pune,10th,21.0,Self-Employed,679.0,14408.0,No
101059,40.0,28393.0,Pune,12th,16.0,Salaried,,22914.0,No
100759,26.0,29533.0,Chennai,Diploma,7.0,Salaried,763.0,1000.0,No
100326,23.0,,Jaipur,Postgraduate,1.0,Contract,837.0,58304.0,No
101635,32.0,,Bangalore,Diploma,8.0,Contract,578.0,45113.0,No
100792,37.0,40478.0,kolkata,Graduate,14.0,Salaried,621.0,50715.0,No
100371,35.0,50481.0,Hyderabad,Graduate,14.0,Self-Employed,735.0,17645.0,No
101831,42.0,49203.0,Bangalore,Graduate,22.0,Salaried,774.0,44337.0,No
100071,39.0,93532.0,Mumbai,Diploma,14.0,Business,656.0,115649.0,No
100862,20.0,71770.0,Jaipur,Postgraduate,2.0,Salaried,683.0,80814.0,No
101493,29.0,72258.0,Bangalore,Graduate,2.0,Business,736.0,81702.0,No
101566,32.0,56585.0,Hyderabad,12th,10.0,Self-Employed,648.0,10540.0,No
101703,41.0,33227.0,Bangalore,Graduate,18.0,Unemployed,667.0,21320.0,No
101484,31.0,53092.0,Jaipur,10th,8.0,Salaried,714.0,,No
101810,44.0,85908.0,Jaipur,Postgraduate,23.0,Contract,722.0,37006.0,No
100482,,141598.0,Delhi,Postgraduate,6.0,Contract,755.0,29531.0,No
100283,51.0,106069.0,CHENNAI,Graduate,33.0,Salaried,749.0,60298.0,No
101659,25.0,,Chennai,Diploma,7.0,Business,691.0,50473.0,No
101567,36.0,62385.0,Pune,Graduate,13.0,Unemployed,719.0,26785.0,No
101741,34.0,37124.0,Bangalore,Graduate,7.0,Business,644.0,20393.0,Yes
100212,46.0,,Pune,Postgraduate,27.0,Unemployed,663.0,71409.0,No
100299,,78656.0,Hyderabad,Diploma,22.0,Salaried,645.0,77810.0,No
101896,31.0,95415.0,Pune,Graduate,4.0,Self-Employed,652.0,18615.0,No
101845,37.0,133241.0,Hyderabad,Graduate,18.0,Salaried,,96727.0,No
100655,61.0,38303.0,Bangalore,Postgraduate,34.0,Salaried,791.0,23151.0,No
101239,,60881.0,Hyderabad,Postgraduate,22.0,Salaried,628.0,15363.0,No
101512,33.0,33957.0,Pune,12th,7.0,Business,665.0,23817.0,No
101943,38.0,39607.0,Hyderabad,Graduate,18.0,Salaried,630.0,24128.0,No
100921,46.0,37039.0,Mumbai,Postgraduate,25.0,Salaried,677.0,55634.0,No
100998,41.0,27781.0,Kolkata,Graduate,22.0,Salaried,818.0,17688.0,No
100432,18.0,31391.0,Kolkata,Graduate,,Salaried,761.0,34955.0,No
101379,29.0,72647.0,Mumbai,Graduate,4.0,Salaried,729.0,,No
100241,27.0,58298.0,pune,12th,3.0,Salaried,,23006.0,No
100884,45.0,70744.0,Delhi,Postgraduate,21.0,Business,774.0,70540.0,No
100624,48.0,119472.0,Mumbai,Diploma,22.0,Contract,764.0,137540.0,No
100258,28.0,43637.0,Pune,Postgraduate,4.0,Self-Employed,720.0,21314.0,No
100615,59.0,76453.0,Chennai,Diploma,32.0,Unemployed,850.0,47311.0,No
100548,33.0,40314.0,Pune,Postgraduate,11.0,Salaried,688.0,29373.0,No
100775,41.0,41980.0,Mumbai,Graduate,19.0,Salaried,765.0,12147.0,No
101428,24.0,117781.0,Hyderabad,Postgraduate,0.0,Salaried,691.0,136563.0,No
101046,44.0,17812.0,Bangalore,12th,21.0,Business,644.0,1069.0,No
101801,54.0,25627.0,Delhi,Graduate,33.0,Unemployed,686.0,31201.0,No
100763,61.0,89997.0,Mumbai,Graduate,37.0,Contract,713.0,71090.0,No
100385,27.0,,Mumbai,Graduate,0.0,Self-Employed,553.0,36311.0,Yes
101109,29.0,,Pune,Graduate,3.0,Salaried,598.0,72521.0,No
100978,18.0,34531.0,Hyderabad,12th,0.0,Salaried,711.0,30939.0,No
100355,35.0,107115.0,Mumbai,Diploma,8.0,Business,,115242.0,No
101616,67.0,82383.0,Hyderabad,Diploma,44.0,Salaried,693.0,34844.0,No
101837,24.0,108640.0,Kolkata,Graduate,5.0,Self-Employed,753.0,84763.0,No
101041,52.0,76934.0,Mumbai,Postgraduate,28.0,Self-Employed,821.0,58918.0,No
101113,44.0,46612.0,Hyderabad,12th,24.0,Business,719.0,50850.0,No
100498,33.0,47156.0,Hyderabad,Postgraduate,12.0,Salaried,670.0,16200.0,No
100396,30.0,24780.0,Bangalore,Postgraduate,5.0,Salaried,634.0,7094.0,No
101557,44.0,78228.0,Mumbai,Graduate,18.0,Unemployed,651.0,86123.0,No
100468,43.0,56160.0,Mumbai,Graduate,20.0,Salaried,662.0,53211.0,No
100891,43.0,59443.0,Chennai,Graduate,25.0,Self-Employed,651.0,42999.0,No
101199,37.0,44816.0,Hyderabad,Graduate,11.0,Contract,658.0,34906.0,No
100369,36.0,29762.0,Mumbai,Postgraduate,18.0,Salaried,640.0,28662.0,No
101905,34.0,133682.0,Hyderabad,Graduate,13.0,Self-Employed,697.0,123831.0,No
101885,35.0,53095.0,CHENNAI,10th,13.0,Salaried,689.0,46084.0,No
100748,27.0,29203.0,Bangalore,Graduate,3.0,Salaried,720.0,22889.0,No
100533,34.0,74654.0,Kolkata,Graduate,13.0,Salaried,749.0,15816.0,No
100807,37.0,52615.0,Jaipur,10th,,Self-Employed,593.0,28191.0,Yes
101229,45.0,84434.0,Hyderabad,Postgraduate,24.0,Self-Employed,806.0,100146.0,No
101991,43.0,21721.0,Mumbai,Graduate,22.0,Self-Employed,625.0,1000.0,No
101917,27.0,52418.0,Hyderabad,Postgraduate,6.0,Unemployed,715.0,43232.0,No
101711,46.0,24968.0,Kolkata,Graduate,22.0,Salaried,622.0,28057.0,No
101555,33.0,19991.0,Delhi,Postgraduate,15.0,Salaried,629.0,16478.0,Yes
101321,36.0,61265.0,Jaipur,Diploma,12.0,Business,765.0,,No
100308,29.0,49728.0,Mumbai,Graduate,4.0,Contract,717.0,18311.0,No
101678,50.0,50638.0,Kolkata,10th,27.0,Salaried,803.0,12477.0,No
100867,38.0,34678.0,Chennai,Postgraduate,19.0,Contract,711.0,32669.0,No
101577,19.0,34805.0,Delhi,12th,0.0,Contract,720.0,23259.0,No
100534,23.0,33184.0,Chennai,Graduate,0.0,Self-Employed,723.0,41358.0,No
100658,35.0,89745.0,Bangalore,Postgraduate,16.0,Salaried,,61418.0,Yes
101265,37.0,79306.0,Chennai,Postgraduate,13.0,Self-Employed,657.0,58130.0,No
100235,56.0,28253.0,Delhi,Graduate,38.0,Unemployed,692.0,3663.0,No
100122,26.0,84679.0,Pune,Graduate,2.0,Salaried,626.0,74423.0,No
101709,34.0,69447.0,Hyderabad,12th,16.0,Self-Employed,694.0,26941.0,No
100954,49.0,126962.0,Jaipur,Graduate,25.0,Unemployed,716.0,142632.0,No
100621,27.0,81029.0,Jaipur,10th,5.0,Contract,709.0,89466.0,No
101184,,45851.0,Jaipur,Diploma,0.0,Salaried,778.0,51295.0,No
100309,40.0,73796.0,Kolkata,Graduate,16.0,Contract,725.0,35907.0,No
100137,27.0,58169.0,BANGALORE,Postgraduate,4.0,Contract,696.0,31099.0,No
100558,31.0,55102.0,Kolkata,Graduate,6.0,Salaried,728.0,53105.0,No
101685,23.0,76634.0,Mumbai,Graduate,0.0,Contract,785.0,64349.0,No
100587,30.0,26622.0,Jaipur,12th,8.0,Business,718.0,30113.0,No
101652,38.0,,Kolkata,Postgraduate,17.0,Salaried,624.0,24739.0,Yes
100674,31.0,40893.0,pune,Graduate,4.0,Business,684.0,31305.0,No
100839,45.0,186357.0,Chennai,Postgraduate,20.0,Salaried,700.0,174802.0,No
100111,18.0,40775.0,Delhi,Postgraduate,0.0,Salaried,618.0,15623.0,No
101170,44.0,43753.0,Mumbai,Graduate,19.0,Salaried,800.0,15484.0,No
101972,18.0,29997.0,Hyderabad,Graduate,0.0,Business,810.0,24371.0,No
101474,35.0,30692.0,Hyderabad,Postgraduate,8.0,Business,584.0,14864.0,Yes
101740,52.0,26204.0,,Graduate,26.0,Contract,615.0,16579.0,No
101248,27.0,36748.0,Bangalore,Diploma,9.0,Contract,615.0,39122.0,No
100213,45.0,89355.0,Chennai,Graduate,27.0,Business,683.0,92721.0,No
101779,31.0,17562.0,Kolkata,Postgraduate,4.0,Salaried,725.0,4776.0,No
101126,24.0,82611.0,Jaipur,Postgraduate,0.0,Contract,735.0,85530.0,No
100683,30.0,45885.0,Kolkata,Graduate,5.0,Business,639.0,40907.0,No
101963,40.0,56512.0,Hyderabad,Postgraduate,13.0,Self-Employed,729.0,18587.0,No
101850,39.0,25006.0,Chennai,12th,19.0,Salaried,711.0,23856.0,No
100414,48.0,33205.0,Chennai,Graduate,25.0,Business,557.0,15120.0,No
101332,47.0,23504.0,Jaipur,,23.0,Salaried,697.0,9250.0,No
100787,43.0,36011.0,Hyderabad,10th,18.0,Business,669.0,18935.0,No
101354,43.0,57384.0,,Postgraduate,20.0,Business,738.0,24242.0,No
100879,35.0,64589.0,Mumbai,Graduate,15.0,Salaried,735.0,15565.0,No
101664,29.0,65310.0,Pune,Diploma,5.0,Salaried,740.0,76412.0,No
101285,27.0,23301.0,Jaipur,Graduate,4.0,Salaried,,25436.0,No
100790,18.0,60771.0,Delhi,Postgraduate,0.0,Self-Employed,671.0,66582.0,No
101830,35.0,71653.0,Mumbai,Graduate,11.0,Salaried,,36648.0,No
101204,40.0,111131.0,Mumbai,Diploma,18.0,Self-Employed,717.0,123966.0,No
100812,31.0,38775.0,Chennai,Graduate,7.0,,781.0,35783.0,No
100716,46.0,17328.0,Hyderabad,12th,23.0,Salaried,710.0,14262.0,No
101450,35.0,43809.0,Pune,Postgraduate,11.0,Salaried,678.0,25703.0,No
101671,33.0,96886.0,Delhi,Graduate,10.0,Salaried,680.0,91947.0,No
101196,39.0,19557.0,Hyderabad,Postgraduate,12.0,Unemployed,709.0,22955.0,No
101231,29.0,43706.0,Jaipur,Graduate,5.0,Business,773.0,7936.0,No
100606,54.0,49692.0,Bangalore,Postgraduate,32.0,Salaried,715.0,29798.0,No
100272,21.0,42071.0,Pune,Graduate,0.0,Salaried,724.0,40080.0,No
101393,55.0,52807.0,Hyderabad,,31.0,Salaried,672.0,7030.0,No
100233,35.0,18611.0,Mumbai,Postgraduate,16.0,Salaried,741.0,1000.0,No
100050,18.0,59901.0,Mumbai,Postgraduate,0.0,Salaried,650.0,27307.0,No
100466,33.0,,Jaipur,Graduate,13.0,Salaried,646.0,99302.0,No
101111,33.0,29031.0,Hyderabad,Postgraduate,11.0,Salaried,585.0,30406.0,Yes
100860,41.0,61197.0,Bangalore,Graduate,14.0,Salaried,686.0,25767.0,No
100697,38.0,99714.0,Hyderabad,Graduate,14.0,Salaried,666.0,120168.0,No
101562,28.0,36274.0,Bangalore,Graduate,4.0,Contract,817.0,37600.0,No
101884,29.0,33705.0,Pune,Postgraduate,11.0,Salaried,743.0,30540.0,No
100530,26.0,29528.0,Hyderabad,Postgraduate,0.0,Salaried,758.0,20633.0,No
100175,38.0,34744.0,Hyderabad,Graduate,18.0,Salaried,587.0,6969.0,Yes
100724,42.0,124244.0,Mumbai,Graduate,19.0,Salaried,726.0,87444.0,No
100417,51.0,74489.0,Mumbai,10th,30.0,Salaried,,44457.0,No
100239,28.0,43968.0,,Graduate,7.0,Salaried,765.0,15030.0,No
101482,31.0,13139.0,Bangalore,10th,9.0,Contract,709.0,15891.0,No
101344,47.0,108184.0,Bangalore,Postgraduate,28.0,Salaried,502.0,69017.0,Yes
101068,47.0,55559.0,Chennai,Postgraduate,24.0,Salaried,813.0,36705.0,No
100024,21.0,26775.0,Mumbai,10th,0.0,Business,613.0,10238.0,Yes
101778,35.0,27986.0,Jaipur,Graduate,11.0,Salaried,704.0,38453.0,No
100065,43.0,,Hyderabad,Postgraduate,21.0,Salaried,724.0,84407.0,No
100291,150.0,143126.0,Mumbai,12th,10.0,Business,826.0,131949.0,No
100190,20.0,76023.0,Bangalore,Graduate,1.0,Salaried,708.0,42860.0,No
100705,19.0,63083.0,Chennai,12th,0.0,Salaried,727.0,68403.0,No
101826,39.0,104771.0,Bangalore,Graduate,19.0,Self-Employed,,99946.0,Yes
101143,33.0,52083.0,Jaipur,Graduate,10.0,Salaried,640.0,67471.0,No
100357,35.0,44891.0,Hyderabad,Postgraduate,9.0,Self-Employed,757.0,17842.0,No
100419,47.0,68184.0,Kolkata,Graduate,24.0,Salaried,652.0,16466.0,Yes
101251,38.0,76640.0,Jaipur,Graduate,17.0,Salaried,777.0,64221.0,No
100935,39.0,89047.0,Bangalore,Graduate,17.0,Business,714.0,44442.0,No
100198,37.0,55582.0,Pune,Postgraduate,10.0,Business,687.0,46614.0,No
100583,41.0,53416.0,Bangalore,Postgraduate,20.0,Salaried,783.0,44389.0,No
101140,42.0,47472.0,Bangalore,Graduate,15.0,Salaried,733.0,36361.0,No
101825,37.0,38045.0,Delhi,Graduate,11.0,Business,715.0,19976.0,No
101946,31.0,90899.0,Hyderabad,Graduate,13.0,Contract,625.0,83212.0,No
100436,36.0,44885.0,Jaipur,Graduate,12.0,Unemployed,704.0,35341.0,No
100102,31.0,33489.0,Pune,Graduate,4.0,Salaried,668.0,18924.0,No
101666,35.0,27536.0,Mumbai,Graduate,9.0,Salaried,765.0,15816.0,No
100397,18.0,33126.0,Pune,Graduate,0.0,Salaried,627.0,5139.0,No
101951,18.0,73021.0,Chennai,Graduate,0.0,Self-Employed,,8762.0,No
100222,18.0,38520.0,BANGALORE,Graduate,0.0,Self-Employed,596.0,23535.0,Yes
101687,30.0,,Delhi,Diploma,9.0,Self-Employed,603.0,239644.0,Yes
101507,42.0,65691.0,Bangalore,Graduate,16.0,Salaried,686.0,39231.0,No
101796,27.0,45982.0,Mumbai,Diploma,7.0,Salaried,599.0,25066.0,Yes
100347,21.0,42266.0,Mumbai,Postgraduate,3.0,Salaried,709.0,33617.0,No
101032,18.0,38294.0,Pune,Graduate,0.0,Salaried,774.0,39946.0,No
100893,46.0,83919.0,Mumbai,Diploma,19.0,Salaried,636.0,84492.0,No
101359,20.0,70762.0,Bangalore,Graduate,0.0,Unemployed,717.0,84319.0,No
100556,31.0,73802.0,Delhi,12th,12.0,Salaried,624.0,78350.0,No
100747,37.0,62807.0,Bangalore,Postgraduate,19.0,Business,755.0,5210.0,No
101552,33.0,23220.0,Mumbai,Graduate,15.0,Salaried,571.0,19888.0,No
100542,24.0,27527.0,Pune,Graduate,0.0,Salaried,,1000.0,No
100911,32.0,40972.0,Jaipur, Postgraduate,14.0,Salaried,768.0,15141.0,No
101403,47.0,61243.0,,Postgraduate,,Salaried,587.0,72567.0,Yes
100117,35.0,48502.0,Hyderabad,12th,8.0,Salaried,816.0,51289.0,No
100834,27.0,47306.0,Mumbai,Diploma,7.0,Contract,770.0,54535.0,No
101950,34.0,27218.0,Chennai,Graduate,8.0,Business,607.0,3831.0,Yes
100813,49.0,143123.0,Hyderabad,Diploma,31.0,,720.0,73932.0,No
101318,32.0,32043.0,Chennai,,12.0,Contract,795.0,1754.0,No
101009,,99765.0,Delhi,Graduate,21.0,Salaried,654.0,128048.0,No
100307,48.0,76787.0,Hyderabad,Diploma,26.0,Contract,786.0,82489.0,No
101106,25.0,67095.0,Chennai,Postgraduate,3.0,Salaried,708.0,68591.0,No
100483,19.0,164550.0,Hyderabad,Graduate,0.0,Salaried,794.0,162611.0,No
101432,43.0,115325.0,Hyderabad,12th,18.0,Self-Employed,674.0,16896.0,No
101081,32.0,106445.0,Hyderabad,Graduate,11.0,Salaried,523.0,91292.0,Yes
100574,33.0,53502.0,Kolkata,Postgraduate,10.0,Salaried,827.0,36691.0,No
100622,40.0,84886.0,Kolkata,,13.0,Salaried,730.0,56488.0,No
101909,23.0,75912.0,Chennai,Postgraduate,1.0,Business,735.0,51778.0,No
101272,41.0,34029.0,Hyderabad, Postgraduate,17.0,Salaried,772.0,12303.0,No
100080,18.0,42937.0,Delhi,Graduate,0.0,Unemployed,,22677.0,No
101923,24.0,45458.0,Delhi,Graduate,0.0,Business,712.0,17935.0,No
100033,35.0,71474.0,mumbai,Graduate,10.0,Salaried,763.0,23525.0,No
101548,38.0,123215.0,Jaipur,Graduate,13.0,Contract,661.0,59711.0,No
101038,20.0,60406.0,Bangalore,Graduate,1.0,Salaried,601.0,35788.0,No
101573,38.0,65612.0,Chennai,Postgraduate,13.0,Business,534.0,40932.0,Yes
100354,33.0,25947.0,Chennai,Postgraduate,6.0,Salaried,755.0,11740.0,No
100165,45.0,131188.0,Bangalore,Graduate,22.0,Self-Employed,714.0,67880.0,No
100205,21.0,32502.0,Delhi,Postgraduate,0.0,Business,524.0,21999.0,Yes
101058,47.0,61544.0,Hyderabad, Graduate,29.0,Salaried,758.0,22217.0,No
101373,,122161.0,Hyderabad,Diploma,0.0,Salaried,716.0,35138.0,No
101979,27.0,75173.0,Jaipur,Graduate,4.0,Self-Employed,689.0,8852.0,No
100499,26.0,84948.0,Kolkata,Diploma,1.0,Salaried,666.0,73936.0,No
101636,31.0,63694.0,Hyderabad,Diploma,8.0,Unemployed,648.0,52956.0,Yes
101978,44.0,121918.0,Pune,Diploma,21.0,Unemployed,665.0,67856.0,No
101975,35.0,66883.0,Pune,Graduate,10.0,Salaried,680.0,73889.0,No
100614,24.0,54803.0,Pune,Graduate,0.0,Unemployed,760.0,48366.0,No
100435,50.0,62256.0,Hyderabad,Postgraduate,27.0,Unemployed,735.0,2195.0,No
101501,43.0,105287.0,Delhi,Diploma,19.0,Business,789.0,92691.0,No
100220,36.0,48013.0,Delhi,Graduate,12.0,Business,582.0,38714.0,No
101942,31.0,108197.0,Mumbai,Graduate,11.0,Salaried,742.0,16231.0,No
101475,27.0,37076.0,Chennai,Graduate,1.0,Contract,671.0,16628.0,No
100634,,65271.0,Hyderabad,Diploma,,Business,797.0,20215.0,No
101390,27.0,59372.0,Hyderabad,Graduate,5.0,Salaried,693.0,55927.0,No
101309,46.0,144892.0,Jaipur,Graduate,20.0,Salaried,758.0,155842.0,No
100060,45.0,61179.0,Mumbai,Graduate,19.0,Salaried,644.0,40384.0,No
100300,41.0,24062.0,Bangalore,Graduate,14.0,Self-Employed,746.0,26039.0,No
101722,32.0,140341.0,Bangalore,Graduate,7.0,Salaried,748.0,135155.0,No
100075,18.0,39159.0,Pune,Diploma,0.0,Business,,24295.0,No
100164,27.0,102968.0,Bangalore,,0.0,Salaried,709.0,120936.0,No
101281,36.0,34240.0,Pune,Graduate,18.0,Self-Employed,659.0,34185.0,No
101604,27.0,55021.0,,Graduate,1.0,Contract,776.0,1000.0,No
101442,47.0,39235.0,Jaipur,Graduate,24.0,Self-Employed,747.0,23633.0,No
101624,28.0,56438.0,Bangalore,Graduate,10.0,Self-Employed,731.0,31745.0,No
100595,45.0,87704.0,Chennai,Diploma,,Self-Employed,660.0,75460.0,No
100318,32.0,39167.0,Kolkata,12th,13.0,Contract,685.0,19230.0,No
100046,28.0,101891.0,Hyderabad,12th,9.0,Salaried,723.0,98357.0,No
101731,33.0,88168.0,Kolkata,Graduate,10.0,Salaried,637.0,25449.0,No
101843,30.0,94228.0,Pune,Diploma,6.0,Business,637.0,37857.0,No
100430,18.0,45768.0,Pune,Graduate,0.0,Salaried,750.0,29522.0,No
100585,37.0,100523.0,Pune,Graduate,14.0,Salaried,765.0,117557.0,No
100078,32.0,106641.0,Hyderabad,12th,10.0,Salaried,732.0,,No
101928,32.0,,Mumbai,10th,6.0,Self-Employed,710.0,66092.0,No
101423,31.0,69515.0,Kolkata,Postgraduate,10.0,Self-Employed,684.0,103751.0,No
100785,41.0,42072.0,Hyderabad,Postgraduate,14.0,Salaried,655.0,,No
101931,23.0,79573.0,Mumbai,Graduate,4.0,Contract,594.0,25553.0,No
101179,25.0,94043.0,Bangalore,Diploma,0.0,Salaried,720.0,27754.0,No
101327,26.0,54927.0,Kolkata,Graduate,7.0,Contract,767.0,55529.0,No
100942,,42553.0,Bangalore,Graduate,17.0,Salaried,641.0,29651.0,Yes
100031,29.0,85734.0,Pune,Postgraduate,5.0,Salaried,671.0,24307.0,No
101097,,97542.0,Mumbai,12th,16.0,Contract,611.0,49476.0,Yes
101627,31.0,34760.0,Hyderabad,12th,10.0,,638.0,10375.0,No
101235,27.0,27196.0,Delhi,Diploma,2.0,Salaried,591.0,5000000.0,Yes
100979,19.0,74162.0,Bangalore,Diploma,0.0,Contract,,25050.0,No
101090,33.0,59520.0,Pune,Postgraduate,13.0,Contract,713.0,43374.0,No
100518,25.0,16228.0,Bangalore,Graduate,7.0,Self-Employed,738.0,7064.0,No
101561,35.0,62512.0,Delhi,Postgraduate,10.0,Salaried,629.0,34357.0,No
101578,47.0,38717.0,Pune,10th,27.0,Salaried,684.0,21081.0,No
101822,36.0,63780.0,,,12.0,Contract,675.0,64122.0,No
101584,36.0,28071.0,,Graduate,11.0,Salaried,718.0,27834.0,No
100045,,34988.0,Delhi,10th,,Salaried,655.0,19180.0,No
101698,28.0,66040.0,Pune,Graduate,8.0,Business,746.0,56093.0,No
100170,27.0,71082.0,Jaipur,Graduate,1.0,Salaried,698.0,45525.0,No
100305,35.0,,Bangalore,Graduate,11.0,Salaried,639.0,117704.0,No
100995,25.0,32583.0,Bangalore,Diploma,3.0,Salaried,781.0,8284.0,No
100559,39.0,65867.0,Mumbai,12th,15.0,Self-Employed,766.0,42485.0,No
101936,20.0,68095.0,Hyderabad,Graduate,2.0,Salaried,698.0,52831.0,No
100611,42.0,78702.0,Bangalore,Graduate,17.0,Salaried,596.0,53999.0,Yes
101630,44.0,38835.0,Bangalore,12th,23.0,Salaried,732.0,33249.0,No
100761,29.0,77756.0,Hyderabad,Graduate,2.0,Salaried,741.0,25281.0,No
100441,39.0,143970.0,Kolkata,Graduate,15.0,Business,687.0,178741.0,No
100586,37.0,38986.0,Bangalore,Graduate,18.0,Salaried,850.0,17363.0,No
101529,30.0,20084.0,Hyderabad,Diploma,8.0,Salaried,,29917.0,No
100531,41.0,71367.0,Delhi,Graduate,16.0,Salaried,824.0,55162.0,No
100345,30.0,16827.0,Delhi,Diploma,6.0,Self-Employed,689.0,2501.0,No
101748,40.0,,Bangalore,Graduate,18.0,Salaried,650.0,71529.0,No
100370,27.0,108530.0,Chennai,Graduate,3.0,Contract,576.0,135081.0,Yes
100187,40.0,25132.0,Delhi,Diploma,13.0,Contract,702.0,17761.0,No
101122,47.0,,Bangalore,Postgraduate,20.0,Contract,755.0,42984.0,No
101766,27.0,55535.0,Chennai,Graduate,7.0,Salaried,590.0,26123.0,Yes
101434,29.0,52116.0,Hyderabad,10th,10.0,Salaried,628.0,20023.0,No
100302,29.0,31766.0,Delhi,Graduate,6.0,Salaried,773.0,24815.0,No
101915,18.0,24116.0,Mumbai,Postgraduate,0.0,Self-Employed,704.0,14870.0,No
100837,51.0,156743.0,Bangalore,Graduate,31.0,Self-Employed,734.0,60979.0,No
100547,41.0,25781.0,Pune,Diploma,16.0,Salaried,633.0,5856.0,No
101611,32.0,56039.0,Hyderabad,,5.0,Self-Employed,706.0,38003.0,No
100353,44.0,80102.0,Chennai,Postgraduate,21.0,Business,630.0,66040.0,No
101944,32.0,14771.0,Hyderabad,Graduate,14.0,Salaried,705.0,3759.0,No
101520,54.0,16250.0,Kolkata,Graduate,33.0,Salaried,784.0,7259.0,No
100983,25.0,82286.0,Hyderabad,Graduate,7.0,Salaried,684.0,22818.0,No
100177,35.0,22717.0,Chennai,Postgraduate,13.0,Salaried,721.0,4933.0,No
100486,21.0,88244.0,Chennai,12th,0.0,Self-Employed,747.0,29660.0,No
101421,40.0,39381.0,Delhi,12th,17.0,Salaried,827.0,35139.0,No
101622,21.0,66729.0,Mumbai,Graduate,0.0,Salaried,747.0,63313.0,No
100125,41.0,55684.0,Bangalore,Diploma,20.0,Unemployed,645.0,76195.0,No
100603,44.0,38779.0,Jaipur,Graduate,25.0,Salaried,779.0,14546.0,No
101806,19.0,750000.0,Bangalore,Graduate,0.0,Salaried,789.0,9039.0,No
101757,34.0,58220.0,Hyderabad,10th,10.0,Salaried,589.0,55521.0,Yes
101387,48.0,35107.0,Pune,Graduate,22.0,Salaried,612.0,11947.0,No
101191,36.0,43904.0,Pune,Graduate,15.0,Salaried,713.0,51248.0,No
100489,52.0,55773.0,Chennai,Diploma,29.0,Self-Employed,830.0,58151.0,No
100333,,23867.0,Hyderabad,Postgraduate,12.0,Salaried,578.0,6830.0,Yes
100793,38.0,43824.0,Delhi,Graduate,12.0,Salaried,833.0,30282.0,No
100196,39.0,38216.0,Mumbai,Graduate,14.0,Unemployed,725.0,39398.0,No
100641,32.0,148777.0,Chennai,Graduate,11.0,Salaried,682.0,117023.0,No
100475,51.0,65003.0,Hyderabad,Diploma,28.0,Contract,721.0,24413.0,No
101725,26.0,39064.0,Pune,Graduate,4.0,Salaried,679.0,19119.0,No
100324,56.0,,Mumbai,Graduate,36.0,Salaried,812.0,130915.0,No
101202,31.0,69500.0,Pune,Graduate,13.0,Salaried,679.0,34751.0,No
100268,21.0,65572.0,Chennai,Postgraduate,0.0,Salaried,850.0,65267.0,No
101554,135.0,218916.0,Hyderabad,Graduate,5.0,Salaried,674.0,183049.0,No
101815,32.0,27436.0,Bangalore,Graduate,8.0,Salaried,667.0,12468.0,No
100069,39.0,120283.0,Chennai,12th,16.0,Contract,663.0,115952.0,No
101749,37.0,120688.0,Delhi,12th,18.0,Salaried,702.0,118755.0,No
101603,29.0,169818.0,Hyderabad,Graduate,8.0,Salaried,582.0,140909.0,Yes
101574,21.0,61195.0,Jaipur,12th,2.0,Salaried,683.0,23339.0,No
100484,37.0,36078.0,Chennai,Graduate,10.0,Unemployed,654.0,37037.0,No
101768,33.0,112647.0,Chennai,Graduate,12.0,Salaried,,43517.0,No
101924,37.0,22668.0,Pune,Graduate,16.0,Salaried,764.0,1000.0,No
101449,47.0,44438.0,Bangalore,Graduate,23.0,Salaried,765.0,34941.0,No
101470,39.0,,Pune,Postgraduate,21.0,Contract,778.0,49618.0,No
100892,40.0,17039.0,Pune,Graduate,18.0,Unemployed,680.0,12964.0,No
100425,41.0,23694.0,Mumbai,Diploma,22.0,Salaried,708.0,15048.0,No
101686,47.0,34451.0,Bangalore,Graduate,29.0,Salaried,736.0,13630.0,No
101459,48.0,55572.0, Kolkata,Graduate,29.0,Salaried,821.0,66515.0,No
100768,53.0,70629.0,Bangalore,Graduate,29.0,Contract,743.0,37116.0,No
100523,28.0,67319.0,Delhi,Postgraduate,9.0,Salaried,730.0,28742.0,No
101440,42.0,64607.0,Delhi,Postgraduate,23.0,Self-Employed,709.0,35131.0,No
100617,36.0,36728.0,Bangalore,Graduate,13.0,,768.0,27001.0,No
101541,35.0,65977.0,Hyderabad,Postgraduate,16.0,Salaried,646.0,18302.0,No
101794,42.0,48181.0,Delhi,12th,23.0,Salaried,708.0,22923.0,No
101670,40.0,66262.0,Jaipur,Graduate,13.0,Salaried,799.0,46536.0,No
100457,34.0,39977.0,Hyderabad,12th,14.0,Salaried,597.0,22648.0,Yes
100734,18.0,33901.0,Bangalore,Postgraduate,0.0,Self-Employed,584.0,38274.0,Yes
100538,31.0,91148.0,Hyderabad,Postgraduate,9.0,Self-Employed,736.0,104238.0,No
100970,21.0,63807.0,Chennai,Graduate,0.0,Contract,761.0,36056.0,No
101292,60.0,14000.0,Hyderabad,Diploma,39.0,Self-Employed,515.0,6552.0,Yes
101751,18.0,39848.0,Mumbai,Graduate,0.0,Contract,668.0,30640.0,No
100263,,108529.0,Pune,Graduate,0.0,Business,634.0,110581.0,No
100539,45.0,27721.0,Jaipur,Postgraduate,20.0,Salaried,675.0,6291.0,No
100973,43.0,25913.0,Bangalore,12th,23.0,Contract,691.0,6402.0,No
100242,34.0,75850.0,delhi,Graduate,11.0,Unemployed,793.0,18330.0,No
100824,31.0,25393.0,Chennai,Postgraduate,10.0,Self-Employed,772.0,30545.0,No
100696,32.0,120854.0,Hyderabad,Postgraduate,10.0,Contract,753.0,36474.0,No
100423,33.0,48481.0,Pune,Postgraduate,13.0,Salaried,758.0,,No
101091,34.0,20236.0,Delhi,Postgraduate,7.0,Self-Employed,793.0,1485.0,No
101717,38.0,327351.0,Chennai,Postgraduate,11.0,Unemployed,729.0,144233.0,No
100368,35.0,21505.0,Pune,Postgraduate,11.0,Self-Employed,745.0,4897.0,No
101027,35.0,61073.0,Mumbai,,8.0,Salaried,611.0,57716.0,No
101246,23.0,84090.0,Bangalore,10th,0.0,Salaried,659.0,59520.0,No
100592,30.0,42769.0,Mumbai,Graduate,8.0,Self-Employed,731.0,32907.0,No
100740,,87972.0,Pune,Postgraduate,24.0,Contract,652.0,26596.0,No
101773,29.0,35774.0,Bangalore,12th,9.0,Salaried,656.0,12713.0,No
100946,24.0,29257.0,Delhi,Graduate,5.0,Salaried,747.0,19680.0,No
100073,35.0,57748.0,Mumbai,Postgraduate,13.0,Self-Employed,667.0,51476.0,No
101416,44.0,50728.0,Kolkata,Postgraduate,24.0,Contract,766.0,3468.0,No
100261,26.0,69933.0,Chennai,10th,5.0,Salaried,677.0,36762.0,No
100052,31.0,34138.0,Hyderabad,Postgraduate,10.0,Salaried,720.0,24771.0,No
100200,24.0,71928.0,Hyderabad,Graduate,0.0,Self-Employed,727.0,,No
101800,35.0,31456.0,Mumbai,Graduate,16.0,Salaried,768.0,10100.0,No
100654,24.0,96946.0,Jaipur,10th,5.0,Contract,730.0,100125.0,No
100334,28.0,45194.0,,Diploma,7.0,Salaried,746.0,36125.0,No
101368,26.0,60649.0,Pune,12th,5.0,Salaried,,67211.0,No
100597,32.0,39395.0,Kolkata,Graduate,13.0,Self-Employed,553.0,30838.0,No
101400,28.0,44032.0,Mumbai,Graduate,7.0,Business,711.0,,No
101812,36.0,69300.0,Mumbai,Graduate,14.0,Salaried,755.0,23032.0,No
101322,40.0,33451.0,Mumbai,Diploma,22.0,Salaried,777.0,25821.0,No
101117,59.0,49426.0,Bangalore,Postgraduate,32.0,Self-Employed,799.0,70253.0,No
101011,48.0,52239.0,Pune,10th,21.0,Self-Employed,690.0,24957.0,No
101334,50.0,75420.0,Hyderabad,,25.0,Self-Employed,850.0,60078.0,No
100429,46.0,102077.0,Mumbai,12th,25.0,Salaried,734.0,73727.0,No
101569,19.0,62223.0,Pune,Diploma,0.0,Contract,542.0,11412.0,Yes
101301,28.0,66257.0,Jaipur, Graduate,1.0,Business,727.0,73240.0,No
100594,38.0,56783.0,Hyderabad,Graduate,18.0,Salaried,566.0,51104.0,Yes
101970,46.0,111853.0,,10th,23.0,Self-Employed,617.0,15950.0,No
101989,29.0,158417.0,Chennai,Graduate,5.0,Salaried,730.0,153187.0,No
101138,23.0,31365.0,Mumbai,Postgraduate,3.0,Contract,642.0,7883.0,No
100990,35.0,207215.0,,Graduate,13.0,Salaried,777.0,195965.0,No
100401,,36980.0,Hyderabad,Diploma,1.0,Self-Employed,585.0,42399.0,Yes
101521,47.0,72519.0,Hyderabad,Graduate,27.0,Business,678.0,75502.0,No
100439,18.0,43255.0,Hyderabad,Diploma,0.0,Salaried,768.0,15206.0,No
100194,23.0,25987.0,Chennai,Graduate,0.0,Salaried,577.0,16855.0,Yes
101444,22.0,131773.0,Pune,Graduate,0.0,Self-Employed,776.0,99750.0,No
100618,42.0,57537.0,Pune,,,Contract,749.0,62186.0,No
101503,27.0,,Kolkata,Graduate,8.0,Salaried,723.0,,No
100580,46.0,144687.0,Hyderabad,Postgraduate,21.0,Salaried,599.0,64142.0,No
100991,37.0,126640.0,Pune,Graduate,16.0,Salaried,740.0,98895.0,No
101441,42.0,59583.0,Bangalore,Postgraduate,17.0,Salaried,785.0,67174.0,No
100710,52.0,129958.0,Bangalore,12th,26.0,Salaried,605.0,100735.0,Yes
101264,26.0,104831.0,Mumbai,Graduate,8.0,Self-Employed,678.0,2500000.0,No
100143,19.0,60502.0,Hyderabad,Graduate,0.0,Salaried,712.0,15543.0,No
101366,33.0,161036.0,Jaipur,12th,6.0,Business,646.0,116074.0,No
100003,41.0,750000.0,Delhi,Graduate,14.0,Salaried,725.0,22535.0,No
101227,35.0,34521.0,Pune,10th,14.0,Self-Employed,757.0,37345.0,No
101881,45.0,64927.0,Mumbai,12th,26.0,Contract,627.0,56814.0,No
101634,45.0,82817.0,Chennai,Postgraduate,24.0,Salaried,792.0,59356.0,No
100342,37.0,69329.0,Hyderabad,Graduate,17.0,Business,681.0,27292.0,No
101781,,50636.0,Hyderabad,GRADUATE,0.0,Business,726.0,29008.0,No
101547,25.0,80256.0,Mumbai,12th,2.0,Salaried,636.0,57311.0,Yes
100487,29.0,44452.0,Bangalore,10th,11.0,Salaried,592.0,25036.0,Yes
100267,51.0,20679.0,Chennai,Graduate,24.0,Salaried,777.0,13612.0,No
100379,57.0,43813.0,Hyderabad,Diploma,31.0,Self-Employed,612.0,28317.0,No
100745,40.0,13682.0,Chennai,10th,14.0,Salaried,644.0,,No
101018,30.0,11584.0,Chennai,12th,10.0,Salaried,752.0,10774.0,No
100442,35.0,117582.0,Bangalore,12th,9.0,Salaried,735.0,100309.0,No
100273,47.0,37928.0,Kolkata,Graduate,20.0,Salaried,796.0,31721.0,No
100186,42.0,,Chennai,10th,23.0,Salaried,714.0,136380.0,No
100944,34.0,49529.0,Pune,Graduate,8.0,Salaried,850.0,41441.0,No
100246,32.0,58249.0,Bangalore,12th,10.0,Salaried,603.0,14179.0,No
100936,30.0,123631.0,Delhi,Graduate,4.0,Salaried,684.0,101424.0,No
100448,26.0,48347.0,Hyderabad,Diploma,2.0,Salaried,659.0,23474.0,No
100600,39.0,41963.0,Delhi,Postgraduate,16.0,Salaried,,19878.0,No
100822,49.0,87546.0,Mumbai,10th,30.0,Self-Employed,504.0,7981.0,Yes
101279,37.0,57461.0,Chennai,Graduate,18.0,Salaried,562.0,15581.0,Yes
101688,37.0,63622.0,Hyderabad,10th,19.0,Salaried,724.0,14575.0,No
100490,44.0,19135.0,Hyderabad,Postgraduate,24.0,Self-Employed,638.0,1000.0,No
100684,40.0,82258.0,Mumbai,Postgraduate,16.0,Contract,713.0,40527.0,No
100418,36.0,66331.0,Pune,Graduate,17.0,Self-Employed,769.0,31531.0,No
100275,25.0,30246.0,Hyderabad,Graduate,5.0,Business,791.0,37692.0,No
101481,42.0,46578.0,Chennai,12th,18.0,Salaried,755.0,36812.0,No
101841,34.0,39231.0,Chennai,Postgraduate,8.0,Salaried,764.0,36785.0,No
101464,26.0,96571.0,Chennai,Postgraduate,4.0,Salaried,638.0,17159.0,No
100252,44.0,126276.0,Pune,Graduate,25.0,Business,767.0,124378.0,No
100416,28.0,63858.0,Pune,12th,4.0,Contract,614.0,80058.0,No
101394,36.0,52758.0,Bangalore,Postgraduate,10.0,Unemployed,708.0,6959.0,No
101315,35.0,45084.0,Hyderabad,Postgraduate,9.0,Salaried,707.0,2500000.0,No
100719,31.0,39707.0,Delhi,Postgraduate,7.0,Salaried,607.0,24593.0,No
100312,46.0,147629.0,Jaipur,Postgraduate,23.0,Unemployed,744.0,27193.0,No
100931,29.0,88710.0,Mumbai,12th,4.0,Salaried,649.0,55844.0,No
100384,30.0,53548.0,Delhi,Diploma,11.0,Salaried,717.0,59999.0,No
101576,35.0,64403.0,Kolkata,12th,10.0,Self-Employed,667.0,75535.0,No
100428,42.0,53151.0,Pune,Graduate,18.0,Self-Employed,748.0,14897.0,No
101886,38.0,73869.0,Delhi,Graduate,,Contract,750.0,52027.0,No
100536,35.0,46760.0,Chennai,Diploma,9.0,Salaried,644.0,47442.0,No
100756,61.0,42902.0,Bangalore,Graduate,34.0,Unemployed,804.0,13651.0,No
100769,29.0,41401.0,Bangalore,Graduate,4.0,Self-Employed,611.0,28607.0,Yes
101365,47.0,37240.0,Mumbai,Graduate,28.0,Self-Employed,656.0,33840.0,No
100411,42.0,86285.0,Chennai,Graduate,24.0,Business,662.0,43890.0,No
101626,46.0,32655.0,Kolkata,Diploma,23.0,Salaried,637.0,20218.0,No
100698,22.0,26725.0,Jaipur,Graduate,0.0,Salaried,700.0,17201.0,No
101750,45.0,24448.0,Delhi,Graduate,26.0,Contract,673.0,6927.0,No
100552,33.0,19558.0,Mumbai,10th,8.0,Business,762.0,22330.0,No
100941,22.0,95149.0,Pune,Graduate,2.0,Self-Employed,656.0,100727.0,No
101398,25.0,124754.0,Chennai,10th,2.0,Salaried,595.0,143084.0,Yes
101618,27.0,47042.0,Jaipur,Postgraduate,3.0,Business,697.0,19690.0,No
101952,48.0,34760.0,Bangalore,12th,27.0,Self-Employed,689.0,29286.0,No
101491,29.0,45946.0,Chennai,Graduate,7.0,Self-Employed,777.0,11242.0,No
100184,40.0,117026.0,Chennai,Postgraduate,19.0,Salaried,693.0,27698.0,No
101953,26.0,,Mumbai,Postgraduate,0.0,Salaried,769.0,68939.0,No
101166,59.0,20985.0,Delhi,Postgraduate,37.0,Self-Employed,736.0,15979.0,No
100172,27.0,52750.0,Bangalore,Graduate,8.0,Self-Employed,724.0,23919.0,No
100294,43.0,35261.0,Delhi,Graduate,24.0,Salaried,735.0,46378.0,No
100565,47.0,33612.0,Kolkata,Graduate,28.0,Contract,685.0,23304.0,No
101466,41.0,26368.0,Pune,Graduate,20.0,Salaried,781.0,16455.0,No
101888,39.0,1000000.0,Pune,12th,18.0,Contract,759.0,1000.0,No
101663,18.0,67537.0,Hyderabad,Diploma,,Salaried,692.0,69590.0,No
100854,47.0,62093.0,Chennai,Graduate,28.0,Business,791.0,37416.0,No
100274,35.0,56043.0,Hyderabad,Graduate,12.0,Salaried,827.0,39355.0,No
101560,32.0,26917.0,Bangalore,10th,6.0,Contract,819.0,24788.0,No
101039,37.0,32389.0,Jaipur,Graduate,,Salaried,686.0,7967.0,No
101755,40.0,37585.0,Jaipur,Diploma,21.0,Salaried,679.0,39325.0,No
100374,45.0,72480.0,Hyderabad,12th,22.0,Salaried,571.0,48779.0,Yes
101681,39.0,29713.0,Hyderabad,Graduate,17.0,Salaried,751.0,31755.0,No
100725,37.0,161864.0,Delhi,Postgraduate,15.0,Salaried,648.0,138333.0,No
100737,38.0,45742.0,Mumbai,Diploma,11.0,Salaried,788.0,4774.0,No
100782,22.0,38473.0,Hyderabad,12th,0.0,Salaried,742.0,18283.0,No
100522,40.0,284071.0,Mumbai,Graduate,19.0,Unemployed,695.0,269096.0,No
100336,,75467.0,Delhi,Graduate,15.0,Salaried,637.0,51830.0,No
100850,30.0,40887.0,Chennai,Graduate,11.0,Salaried,617.0,7200.0,Yes
101257,52.0,33877.0,Delhi,Diploma,33.0,Business,751.0,26812.0,No
101057,35.0,40519.0,Bangalore,Diploma,8.0,Contract,700.0,35848.0,No
101935,61.0,56848.0,Hyderabad,Postgraduate,38.0,Salaried,627.0,35702.0,No
100016,29.0,49438.0,Pune,Postgraduate,3.0,Contract,654.0,13393.0,No
100711,37.0,35065.0,Delhi,Graduate,10.0,Contract,779.0,33212.0,No
100905,37.0,23876.0,Chennai,Graduate,12.0,Salaried,771.0,38831.0,No
101992,43.0,42442.0,Pune,Postgraduate,22.0,Salaried,774.0,29460.0,No
101583,25.0,158149.0,Kolkata,Graduate,3.0,Salaried,676.0,81524.0,No
100908,42.0,29541.0,Jaipur,Graduate,23.0,Salaried,794.0,33365.0,No
100469,30.0,80091.0,Pune,12th,11.0,Salaried,632.0,27679.0,No
101990,39.0,35920.0,Mumbai,Diploma,15.0,Salaried,696.0,11974.0,No
100201,39.0,148372.0,Delhi,Diploma,12.0,Salaried,709.0,43455.0,No
101212,28.0,28772.0,Kolkata,Graduate,5.0,Contract,704.0,1691.0,No
101060,31.0,44244.0,Chennai,Postgraduate,4.0,Salaried,,56191.0,No
101137,47.0,92822.0,Kolkata,Diploma,25.0,Salaried,783.0,35254.0,No
101388,51.0,,Delhi,Graduate,31.0,Salaried,695.0,27250.0,No
101003,36.0,43809.0,Kolkata,Diploma,11.0,Salaried,749.0,20027.0,No
100731,37.0,108236.0,Bangalore,Graduate,10.0,Salaried,675.0,29913.0,No
101783,20.0,30998.0,Pune,Postgraduate,1.0,Self-Employed,728.0,,No
101921,18.0,152606.0,Mumbai,Graduate,0.0,Business,646.0,,No
101833,45.0,97240.0,Hyderabad,Graduate,23.0,Salaried,760.0,84372.0,No
100571,35.0,56169.0,Chennai,12th,12.0,Salaried,,21351.0,No
100044,32.0,59807.0,Kolkata,10th,13.0,Salaried,717.0,57721.0,No
100276,40.0,,Kolkata,Diploma,18.0,Salaried,755.0,25682.0,No
101102,18.0,88049.0,Bangalore,Graduate,0.0,,712.0,48439.0,No
100103,32.0,34090.0,Hyderabad,Graduate,11.0,Salaried,721.0,46223.0,No
101237,52.0,95720.0,Bangalore,Graduate,28.0,Salaried,780.0,64045.0,No
101733,35.0,18123.0,Hyderabad,Graduate,10.0,Unemployed,700.0,12282.0,No
101844,36.0,25865.0,Bangalore,Diploma,15.0,Salaried,675.0,13001.0,No
100109,38.0,45906.0,Kolkata,Postgraduate,14.0,Salaried,741.0,22136.0,No
101629,36.0,23542.0,Bangalore,10th,16.0,Salaried,705.0,1603.0,No
100501,,75277.0,Jaipur,Diploma,24.0,Self-Employed,636.0,81167.0,No
101993,47.0,18556.0,Pune,Postgraduate,29.0,Salaried,643.0,1000.0,No
100886,53.0,41783.0,Jaipur,12th,31.0,Business,548.0,38262.0,Yes
100760,42.0,77465.0,Hyderabad,Postgraduate,15.0,Business,825.0,92704.0,No
100623,54.0,57595.0,Chennai,Graduate,34.0,Salaried,744.0,29391.0,No
101112,37.0,47069.0,Kolkata,12th,12.0,Contract,714.0,50055.0,No
101947,39.0,73923.0,,Diploma,14.0,Contract,651.0,22082.0,No
100814,37.0,46092.0,Kolkata,12th,10.0,Salaried,639.0,49007.0,No
101042,30.0,59959.0,Mumbai,Postgraduate,12.0,Salaried,732.0,45213.0,No
100074,51.0,61305.0,Bangalore,Postgraduate,25.0,Salaried,614.0,62795.0,No
101291,39.0,120004.0,Bangalore,,13.0,Contract,695.0,37607.0,No
101278,39.0,59216.0,Bangalore,Graduate,14.0,Salaried,731.0,46780.0,No
101343,39.0,31275.0,Chennai,Graduate,,Self-Employed,667.0,15189.0,No
101468,39.0,,Kolkata,Postgraduate,,Business,730.0,24040.0,No
100485,27.0,40653.0,Bangalore,Graduate,3.0,Salaried,703.0,10914.0,No
101074,22.0,134943.0,mumbai,Graduate,0.0,Salaried,621.0,105719.0,Yes
100510,27.0,26575.0,Kolkata,Postgraduate,2.0,Salaried,683.0,30591.0,No
101243,29.0,21968.0,Pune,Postgraduate,6.0,Salaried,677.0,15783.0,No
101873,32.0,30078.0,Kolkata,Graduate,10.0,Salaried,754.0,1000.0,No
101780,120.0,52457.0,Mumbai,Graduate,5.0,Contract,583.0,74421.0,Yes
101486,44.0,41428.0,Jaipur,Postgraduate,17.0,Salaried,719.0,30448.0,No
101878,33.0,62865.0,Hyderabad,Graduate,15.0,Unemployed,794.0,14884.0,No
101465,29.0,60566.0,Chennai,Postgraduate,4.0,Salaried,741.0,68796.0,No
100313,43.0,62419.0,Chennai,Graduate,,Salaried,597.0,,Yes
100967,28.0,66767.0,Kolkata,Postgraduate,9.0,Business,596.0,58049.0,No
100408,34.0,86807.0,Hyderabad,Postgraduate,15.0,Salaried,702.0,65803.0,No
101339,31.0,72520.0,Mumbai,Postgraduate,4.0,Salaried,666.0,65016.0,No
101661,48.0,45119.0,Delhi,Graduate,21.0,Salaried,713.0,61219.0,No
100311,33.0,46107.0,Delhi,10th,12.0,Contract,614.0,25642.0,Yes
100228,24.0,39532.0,Hyderabad,Diploma,1.0,Contract,703.0,32988.0,No
101869,24.0,59399.0,Chennai,Diploma,0.0,Salaried,,45625.0,No
100714,39.0,25475.0,Delhi,Postgraduate,18.0,Salaried,674.0,14888.0,No
101956,49.0,39294.0,Bangalore,Postgraduate,22.0,Salaried,654.0,45781.0,No
101392,28.0,35367.0,Chennai,Graduate,3.0,Business,661.0,38792.0,No
101797,32.0,50247.0,Bangalore,10th,12.0,Salaried,651.0,,No
100150,38.0,,jaipur,Graduate,20.0,,638.0,26101.0,No
101565,42.0,93172.0,Jaipur,Graduate,18.0,Salaried,679.0,53222.0,No
101969,33.0,166623.0,Bangalore,Graduate,14.0,Self-Employed,791.0,65355.0,No
100930,34.0,94569.0,Chennai,Graduate,12.0,Self-Employed,820.0,75060.0,No
100947,20.0,57639.0,Delhi,Graduate,0.0,Business,647.0,34050.0,No
100841,35.0,64711.0,Bangalore,Graduate,13.0,Business,679.0,65350.0,No
100579,20.0,64179.0,Hyderabad,Graduate,2.0,Salaried,692.0,32695.0,No
100561,38.0,31491.0,Pune,Graduate,15.0,Business,827.0,19454.0,No
101241,31.0,55379.0,mumbai,Diploma,13.0,Salaried,606.0,14442.0,Yes
101369,31.0,68552.0,Hyderabad,Graduate,10.0,Salaried,715.0,38920.0,No
101356,18.0,50211.0,Bangalore,Postgraduate,0.0,Business,702.0,49394.0,No
101167,49.0,44384.0,Mumbai,Graduate,29.0,Contract,604.0,24193.0,No
101451,38.0,42293.0,Chennai,Graduate,16.0,Salaried,665.0,8420.0,No
100288,41.0,47894.0,Bangalore,Diploma,15.0,Salaried,797.0,13788.0,No
101615,33.0,80512.0,Delhi,12th,7.0,Salaried,653.0,35010.0,No
101062,18.0,45799.0,Mumbai,Graduate,0.0,Unemployed,742.0,56915.0,No
100602,26.0,77337.0,Delhi,Graduate,6.0,Self-Employed,789.0,88273.0,No
100937,25.0,39454.0,Mumbai,Diploma,0.0,Salaried,675.0,27453.0,No
101471,,52304.0,Hyderabad,Diploma,28.0,Salaried,715.0,58691.0,No
101649,47.0,84598.0,Hyderabad,Diploma,28.0,Self-Employed,699.0,55331.0,No
101598,56.0,95704.0,Pune,10th,33.0,Salaried,777.0,90229.0,No
101045,33.0,81481.0,Bangalore,Graduate,15.0,Salaried,724.0,36539.0,No
101236,51.0,61041.0,Mumbai,Postgraduate,32.0,Salaried,755.0,60643.0,No
100811,33.0,51579.0,Hyderabad,Graduate,13.0,Business,731.0,45597.0,No
100909,41.0,,Pune,Graduate,22.0,Self-Employed,678.0,20376.0,No
101691,41.0,73750.0,Bangalore,Graduate,16.0,Business,676.0,3887.0,No
101210,52.0,70493.0,Kolkata,Graduate,30.0,Salaried,674.0,17980.0,No
100771,42.0,49112.0,Mumbai,Graduate,24.0,Contract,718.0,64673.0,No
100613,38.0,49230.0,Mumbai,12th,11.0,Self-Employed,803.0,41603.0,No
101010,30.0,42445.0,Hyderabad,12th,5.0,Self-Employed,750.0,16487.0,No
101575,40.0,27352.0,Kolkata,Diploma,17.0,Self-Employed,670.0,1000.0,No
101431,38.0,71089.0,Chennai,Diploma,18.0,Self-Employed,683.0,6433.0,No
101015,52.0,39899.0,Kolkata,10th,28.0,Salaried,630.0,41011.0,No
100497,25.0,47177.0,Chennai,Graduate,2.0,Contract,695.0,42783.0,No
101328,34.0,39775.0,Hyderabad,Graduate,7.0,Business,748.0,24374.0,No
100279,36.0,79345.0,Delhi,Graduate,18.0,Self-Employed,694.0,80011.0,No
101858,32.0,76140.0,Mumbai,Graduate,9.0,Contract,715.0,76444.0,No
100361,40.0,31224.0,Delhi,Graduate,20.0,Salaried,735.0,32385.0,No
101116,39.0,63158.0,Kolkata,Diploma,15.0,Business,625.0,65285.0,No
100238,37.0,32546.0,Mumbai,Postgraduate,12.0,Business,649.0,45460.0,No
100555,38.0,34116.0,Delhi,Postgraduate,17.0,Salaried,614.0,23844.0,Yes
101879,18.0,23673.0,Pune,Graduate,0.0,Business,707.0,15416.0,No
101824,28.0,60807.0,Delhi,Postgraduate,3.0,Contract,766.0,11962.0,No
100210,74.0,54979.0,Mumbai,Postgraduate,50.0,Self-Employed,633.0,3752.0,No
101395,31.0,162753.0,Pune,10th,9.0,Salaried,684.0,106479.0,No
101571,43.0,46699.0,Pune,Diploma,23.0,Contract,582.0,33844.0,Yes
100059,38.0,63545.0,Delhi,Graduate,13.0,Salaried,591.0,7207.0,No
100635,25.0,140093.0,Hyderabad,Diploma,0.0,Business,666.0,121182.0,No
101974,37.0,57686.0,Mumbai,12th,10.0,Salaried,688.0,19933.0,No
101871,24.0,25603.0,Pune,Postgraduate,6.0,Salaried,735.0,18201.0,No
101828,49.0,71915.0,Jaipur,Diploma,28.0,Salaried,691.0,83551.0,No
100366,31.0,127853.0,Pune,Diploma,9.0,Salaried,715.0,52249.0,No
100509,35.0,26160.0,Bangalore,Graduate,9.0,Salaried,773.0,10090.0,No
101171,43.0,32693.0,Bangalore,Postgraduate,25.0,Business,658.0,5483.0,No
101127,38.0,19244.0,Kolkata,Diploma,14.0,Self-Employed,697.0,1000.0,No
101641,35.0,41847.0,Hyderabad,Postgraduate,11.0,Self-Employed,595.0,41741.0,Yes
101222,38.0,83426.0,Kolkata,Graduate,15.0,Salaried,629.0,17459.0,Yes
101157,28.0,27848.0,Jaipur,Postgraduate,8.0,Self-Employed,636.0,23538.0,Yes
101130,38.0,43860.0,Chennai,Graduate,18.0,Business,715.0,36212.0,No
101605,30.0,84564.0,Delhi,Postgraduate,5.0,Salaried,788.0,110224.0,No
100120,43.0,49515.0,Hyderabad,Graduate,21.0,Salaried,701.0,52156.0,No
101255,47.0,67324.0,Mumbai,10th,27.0,Salaried,759.0,25440.0,No
101841,34.0,39231.0,Chennai,Postgraduate,8.0,Salaried,764.0,36785.0,No
100526,18.0,71723.0,Bangalore,Graduate,0.0,Salaried,666.0,59083.0,No
100517,,57661.0,Chennai,Postgraduate,20.0,Salaried,739.0,36187.0,No
100083,50.0,24859.0,Bangalore,12th,23.0,,641.0,14340.0,No
100920,37.0,112175.0,Bangalore,Graduate,10.0,Salaried,710.0,100552.0,No
101023,35.0,43862.0,chennai,Graduate,11.0,Salaried,623.0,17262.0,Yes
100383,18.0,66448.0,Mumbai,,0.0,Contract,737.0,56466.0,No
101034,41.0,32043.0,Hyderabad,Postgraduate,23.0,Contract,647.0,1000.0,No
101700,37.0,48659.0,Hyderabad,10th,12.0,Salaried,700.0,35741.0,No
100086,30.0,28105.0,Delhi,Diploma,3.0,Unemployed,695.0,22314.0,No
101689,38.0,110919.0,Delhi,Graduate,20.0,Salaried,707.0,96215.0,No
100331,35.0,46789.0,Chennai,Graduate,9.0,Salaried,728.0,38704.0,No
100007,51.0,55036.0,Hyderabad,Postgraduate,26.0,Self-Employed,663.0,16996.0,No
100749,29.0,68021.0,Mumbai,12th,2.0,Salaried,794.0,17116.0,No
101564,44.0,106098.0,Hyderabad,Postgraduate,25.0,Salaried,694.0,56004.0,No
100919,31.0,58048.0,Delhi,Postgraduate,12.0,Salaried,689.0,42295.0,No
100878,37.0,38094.0,Pune,Graduate,11.0,Salaried,640.0,30628.0,No
100455,30.0,,Delhi,Graduate,6.0,Business,681.0,83526.0,No
100494,26.0,121672.0,Kolkata,Postgraduate,6.0,Contract,705.0,117129.0,No
101490,48.0,22843.0,Mumbai,12th,25.0,Self-Employed,639.0,10877.0,No
100289,38.0,39595.0,Delhi,Graduate,17.0,Salaried,699.0,23331.0,No
100953,22.0,71094.0,Pune,Postgraduate,0.0,Self-Employed,840.0,4208.0,No
101998,26.0,46116.0,Chennai,12th,1.0,Salaried,789.0,24699.0,No
101377,28.0,47155.0,Bangalore,Graduate,3.0,Contract,646.0,38538.0,No
101152,18.0,44892.0,,Graduate,0.0,Salaried,592.0,47782.0,No
100709,18.0,45334.0,Hyderabad,Postgraduate,0.0,Salaried,703.0,20422.0,No
101738,24.0,50385.0,Pune,Postgraduate,2.0,Contract,684.0,58439.0,No
101713,18.0,64193.0,Pune,Postgraduate,0.0,Contract,806.0,64251.0,No
101640,24.0,70748.0,Hyderabad,Graduate,0.0,Contract,672.0,48499.0,No
101610,32.0,43771.0,,Diploma,12.0,Salaried,673.0,59135.0,No
101549,43.0,29843.0,Bangalore,Graduate,23.0,Contract,753.0,12346.0,No
101414,57.0,34803.0,Hyderabad,12th,39.0,Self-Employed,708.0,13473.0,No
101662,34.0,36851.0,Hyderabad,Graduate,12.0,Unemployed,601.0,23030.0,Yes
100329,41.0,80631.0,Delhi,Diploma,16.0,Salaried,725.0,57411.0,No
100445,22.0,41708.0,Pune,Diploma,3.0,Salaried,708.0,47484.0,No
100779,34.0,53163.0,Kolkata,Postgraduate,10.0,Business,706.0,58016.0,No
101093,42.0,52216.0,Chennai,Postgraduate,19.0,Salaried,625.0,47021.0,No
101226,34.0,31945.0,Bangalore,Postgraduate,15.0,Salaried,781.0,11496.0,No
101647,33.0,63408.0,Chennai,Postgraduate,7.0,Unemployed,715.0,43169.0,No
100179,32.0,167388.0,Hyderabad,Graduate,12.0,Self-Employed,799.0,199743.0,No
101330,41.0,87047.0,Delhi,,14.0,Salaried,599.0,50611.0,No
100708,53.0,55728.0,Hyderabad,Graduate,34.0,Salaried,674.0,52923.0,No
100088,38.0,50706.0,Bangalore,12th,19.0,Contract,732.0,36042.0,No
101895,34.0,44308.0,Pune,12th,12.0,Salaried,696.0,44107.0,No
101960,37.0,60938.0,Hyderabad,Graduate,12.0,Salaried,637.0,43458.0,No
100461,55.0,57346.0,Delhi,Diploma,36.0,Salaried,747.0,,No
101840,33.0,46371.0,Bangalore,Graduate,9.0,Salaried,680.0,22354.0,No
100055,45.0,26235.0,Pune,Diploma,18.0,Salaried,689.0,20180.0,No
101511,24.0,107639.0,Chennai,12th,0.0,Business,668.0,113920.0,No
100647,18.0,44860.0,Bangalore,12th,0.0,Self-Employed,765.0,34492.0,No
100681,42.0,79907.0,Hyderabad,10th,22.0,Salaried,614.0,52008.0,Yes
100223,42.0,82817.0,Pune, Postgraduate,15.0,Salaried,650.0,45093.0,No
100115,33.0,82664.0,Bangalore,Graduate,15.0,Salaried,772.0,46363.0,No
100987,50.0,51411.0,Mumbai,Graduate,31.0,Self-Employed,704.0,41208.0,No
101234,61.0,157372.0,Chennai,Graduate,35.0,Salaried,584.0,86460.0,Yes
101004,29.0,155331.0,Jaipur,Graduate,3.0,Contract,675.0,48872.0,No
100176,43.0,173570.0,Delhi,Graduate,17.0,Salaried,735.0,200914.0,No
100786,46.0,45321.0,Delhi,Graduate,26.0,Salaried,720.0,62957.0,No
100593,40.0,53720.0,Bangalore,Graduate,18.0,Salaried,724.0,62944.0,No
101570,30.0,90427.0,Jaipur,Postgraduate,4.0,Contract,850.0,98321.0,No
100019,26.0,78008.0,Bangalore,Postgraduate,0.0,Salaried,749.0,68542.0,No
100426,49.0,72979.0,Pune,Diploma,27.0,Business,659.0,60237.0,No
101352,18.0,45597.0,Delhi,Graduate,0.0,Salaried,641.0,3367.0,No
100287,33.0,84622.0,Kolkata,Postgraduate,,Salaried,715.0,32168.0,No
101594,44.0,24377.0,Mumbai,Graduate,17.0,Salaried,743.0,21949.0,No
100431,23.0,75028.0,Mumbai,12th,4.0,Salaried,656.0,46339.0,No
101519,25.0,111171.0,Bangalore,Graduate,,Salaried,775.0,107717.0,No
101326,18.0,71427.0,Jaipur,12th,0.0,Self-Employed,683.0,89887.0,No
100673,32.0,63471.0,Hyderabad,Graduate,10.0,Business,693.0,58926.0,No
100032,54.0,32197.0,Chennai,Graduate,30.0,Salaried,679.0,6132.0,No
100945,53.0,65731.0,Delhi,Graduate,26.0,Salaried,738.0,38416.0,No
100726,33.0,55112.0,Pune,Diploma,15.0,Salaried,680.0,44284.0,No
100999,29.0,66097.0,Kolkata, Diploma,3.0,Contract,702.0,41069.0,No
100216,43.0,63661.0,Delhi,Graduate,19.0,Salaried,711.0,69991.0,No
100818,44.0,67366.0,Hyderabad,Graduate,18.0,Self-Employed,658.0,34606.0,No
100328,43.0,44453.0,Pune,Diploma,17.0,Salaried,714.0,16352.0,No
100564,32.0,63294.0,Bangalore,12th,6.0,Self-Employed,707.0,27550.0,No
101118,34.0,36294.0,Bangalore,10th,14.0,Contract,611.0,43259.0,No
100704,21.0,96580.0,Bangalore,Diploma,0.0,Contract,776.0,30651.0,No
101589,27.0,108756.0,Bangalore,Postgraduate,4.0,Salaried,747.0,39244.0,No
101195,19.0,23643.0,Chennai,Diploma,0.0,Salaried,698.0,19846.0,No
100344,30.0,41183.0,Bangalore,Diploma,12.0,Business,648.0,36366.0,No
100633,33.0,61304.0,Kolkata,Graduate,15.0,Self-Employed,648.0,66244.0,No
100149,40.0,51964.0,Chennai,Graduate,18.0,Self-Employed,655.0,35383.0,No
101317,24.0,53393.0,Chennai,Diploma,1.0,Contract,686.0,53392.0,No
100363,34.0,23808.0,Mumbai,Graduate,12.0,Self-Employed,639.0,,Yes
100085,27.0,40631.0,Kolkata, Diploma,0.0,Salaried,704.0,35127.0,No
100049,38.0,45924.0,Pune,Graduate,16.0,Salaried,601.0,22809.0,No
100472,18.0,201838.0,Jaipur,Postgraduate,0.0,Contract,592.0,71857.0,Yes
100157,54.0,44745.0,Delhi,Graduate,27.0,Self-Employed,800.0,1000.0,No
100776,19.0,47024.0,Bangalore,Graduate,0.0,Contract,804.0,14160.0,No
101245,29.0,50013.0,Hyderabad,Postgraduate,2.0,Salaried,822.0,36681.0,No
101206,35.0,37901.0,Hyderabad,12th,9.0,Salaried,801.0,6269.0,No
101411,,37944.0,Pune,Graduate,26.0,Self-Employed,812.0,,No
101208,28.0,86829.0,Chennai,Diploma,8.0,Salaried,599.0,78051.0,No
101642,49.0,49746.0,Bangalore,Diploma,25.0,Contract,809.0,40179.0,No
100504,41.0,39276.0,Delhi,Postgraduate,19.0,Salaried,737.0,32391.0,No
101776,22.0,,Chennai,Graduate,4.0,Salaried,665.0,68772.0,No
100181,41.0,49542.0,Jaipur,Graduate,17.0,Business,783.0,36049.0,No
101052,39.0,37231.0,Delhi,Graduate,12.0,Salaried,661.0,18250.0,No
101767,57.0,32165.0,Mumbai,Postgraduate,34.0,Self-Employed,698.0,12251.0,No
100955,34.0,32636.0,Hyderabad,Graduate,8.0,Salaried,599.0,1000.0,Yes
101324,40.0,63385.0,Bangalore,Diploma,22.0,Salaried,741.0,31812.0,No
101631,40.0,76354.0,Pune,Graduate,17.0,Business,670.0,53247.0,No
100532,18.0,33043.0,Mumbai,Graduate,0.0,Self-Employed,759.0,23896.0,No
100349,28.0,80539.0,Kolkata,Diploma,8.0,Contract,714.0,78784.0,No
101396,37.0,25663.0,Chennai,Postgraduate,10.0,Unemployed,620.0,5652.0,No
101973,42.0,66586.0,Pune,Postgraduate,16.0,Salaried,729.0,26552.0,No
101055,29.0,142815.0,Hyderabad,Postgraduate,3.0,Salaried,655.0,87595.0,No
101985,45.0,62861.0,Bangalore,Graduate,18.0,Self-Employed,695.0,52867.0,No
101450,35.0,43809.0,Pune,Postgraduate,11.0,Salaried,678.0,25703.0,No
100605,,39015.0,Hyderabad,12th,13.0,Self-Employed,708.0,46479.0,No
101289,24.0,38942.0,Bangalore,Postgraduate,5.0,Salaried,688.0,24224.0,No
100245,23.0,133861.0,Hyderabad,12th,0.0,Self-Employed,788.0,26333.0,No
101345,44.0,32354.0,Delhi,Postgraduate,25.0,Salaried,735.0,13091.0,No
101072,40.0,140291.0,Hyderabad,Postgraduate,15.0,Salaried,814.0,157914.0,No
101485,37.0,31548.0,Delhi,Diploma,16.0,Contract,703.0,37686.0,No
100314,43.0,72319.0,Mumbai,Graduate,17.0,Salaried,672.0,9345.0,No
100438,21.0,86631.0,Chennai,12th,0.0,Business,629.0,20956.0,No
101910,36.0,36676.0,Chennai,Postgraduate,13.0,Salaried,664.0,20441.0,No
101337,29.0,25949.0,Hyderabad,Diploma,4.0,Contract,669.0,9626.0,No
100310,33.0,89617.0,Hyderabad,12th,12.0,Salaried,,78167.0,No
100433,32.0,54292.0,Bangalore,12th,8.0,Self-Employed,801.0,16699.0,No
100664,30.0,32647.0,Bangalore,Diploma,7.0,Salaried,715.0,33804.0,No
100373,50.0,60060.0,Mumbai,Diploma,29.0,Salaried,768.0,48234.0,No
100570,31.0,48342.0,Pune,Diploma,13.0,Salaried,731.0,68451.0,No
100984,35.0,750000.0,Delhi,Graduate,14.0,Contract,707.0,70682.0,No
100183,24.0,49805.0,Chennai,Graduate,0.0,Self-Employed,656.0,47337.0,No
101371,33.0,52707.0,Hyderabad,,10.0,Self-Employed,802.0,30083.0,No
100625,51.0,68903.0,Chennai,Graduate,28.0,Self-Employed,706.0,67330.0,No
100823,58.0,53541.0,Jaipur,Graduate,36.0,Salaried,690.0,45370.0,No
101198,41.0,19523.0,Delhi,Graduate,15.0,Business,683.0,18340.0,No
100957,38.0,91839.0,Jaipur,Diploma,15.0,Contract,641.0,68190.0,No
101430,32.0,100792.0,Mumbai,12th,9.0,Salaried,731.0,52055.0,No
101852,53.0,72157.0,Jaipur,Postgraduate,30.0,Self-Employed,640.0,51566.0,No
100927,29.0,51594.0,Mumbai,Postgraduate,5.0,Salaried,,27203.0,No
101079,50.0,62555.0,Hyderabad,Graduate,26.0,Self-Employed,850.0,68258.0,No
100298,38.0,118892.0,Pune,Graduate,20.0,,711.0,77446.0,No
100971,36.0,19213.0,Kolkata,Graduate,13.0,Salaried,717.0,,No
100465,34.0,88710.0,Jaipur,Graduate,7.0,Salaried,698.0,23840.0,No
101310,40.0,54991.0,Jaipur,Graduate,17.0,Salaried,590.0,44076.0,Yes
101182,49.0,73296.0,Hyderabad,Graduate,25.0,Self-Employed,780.0,57171.0,No
100380,27.0,63465.0,Kolkata,Postgraduate,6.0,Salaried,719.0,33854.0,No
100803,36.0,66668.0,Kolkata,Postgraduate,,Salaried,674.0,22800.0,No
101108,24.0,75350.0,Pune,Postgraduate,5.0,Salaried,663.0,52938.0,No
100107,54.0,33515.0,Chennai,Diploma,27.0,Salaried,629.0,29079.0,No
100128,29.0,101515.0,Bangalore,Postgraduate,,Salaried,608.0,15777.0,No
100415,38.0,96259.0,Mumbai,Graduate,19.0,Self-Employed,752.0,101131.0,No
100843,,123921.0,Hyderabad,Diploma,3.0,Salaried,631.0,106119.0,Yes
100358,32.0,59513.0,Kolkata,Graduate,14.0,Contract,664.0,35342.0,No
101628,48.0,83726.0,Mumbai,Graduate,23.0,Salaried,709.0,40757.0,No
100686,42.0,65446.0,Pune,10th,23.0,Business,,28351.0,No
100817,38.0,71699.0,Bangalore,Graduate,19.0,Salaried,703.0,29944.0,No
101692,30.0,87273.0,Kolkata,Postgraduate,6.0,Self-Employed,644.0,55415.0,No
100211,41.0,,Bangalore,10th,17.0,Self-Employed,630.0,16883.0,No
101502,29.0,38951.0,Pune,Graduate,5.0,Self-Employed,662.0,48404.0,No
100142,48.0,56561.0,Bangalore,Diploma,29.0,Salaried,645.0,33910.0,No
101987,42.0,74557.0,Bangalore,Graduate,15.0,Salaried,574.0,39204.0,No
101348,44.0,131914.0,Pune,Postgraduate,18.0,Salaried,716.0,111777.0,No
101809,19.0,78852.0,Mumbai,Graduate,1.0,Self-Employed,738.0,36578.0,No
101585,39.0,57198.0,Hyderabad,Graduate,20.0,Salaried,667.0,26995.0,No
101187,25.0,28477.0,Bangalore,10th,4.0,Salaried,681.0,36717.0,No
101402,40.0,75241.0,Bangalore,12th,16.0,Salaried,667.0,73509.0,No
101827,24.0,28802.0,Bangalore,Postgraduate,3.0,Business,741.0,26893.0,No
100715,35.0,67326.0,Hyderabad,Graduate,14.0,Unemployed,698.0,36879.0,No
101805,18.0,33660.0,Hyderabad,Postgraduate,0.0,Salaried,632.0,20370.0,No
100897,,17480.0,Pune,Graduate,12.0,Salaried,674.0,27859.0,No
100864,53.0,80004.0,Bangalore,Graduate,27.0,,741.0,46680.0,No
100011,30.0,22718.0,Hyderabad,Postgraduate,6.0,Salaried,654.0,5483.0,No
101706,33.0,65139.0,Hyderabad,Postgraduate,12.0,Contract,527.0,86762.0,Yes
101436,38.0,89685.0,Hyderabad,Graduate,16.0,Salaried,648.0,39510.0,No
100284,23.0,32063.0,Kolkata,12th,0.0,Unemployed,682.0,7442.0,No
100815,45.0,150692.0,Pune,Graduate,27.0,Salaried,824.0,131507.0,No
101350,33.0,51008.0,Chennai,Postgraduate,8.0,Business,590.0,40810.0,No
100293,29.0,57642.0,Kolkata,Graduate,8.0,Salaried,738.0,36916.0,No
100758,37.0,36244.0,Delhi,Graduate,15.0,Self-Employed,689.0,45197.0,No
100630,46.0,42250.0,Hyderabad,Postgraduate,26.0,Salaried,636.0,25902.0,No
100948,28.0,10614.0,Pune,Graduate,7.0,Salaried,623.0,8190.0,No
100866,31.0,46434.0,Mumbai,10th,9.0,Salaried,734.0,45840.0,No
100131,19.0,70000.0,Bangalore,Graduate,0.0,Contract,809.0,75591.0,No
101181,37.0,94204.0,Delhi,Postgraduate,18.0,Business,779.0,,No
100325,25.0,54831.0,Jaipur,Postgraduate,0.0,Business,826.0,48660.0,No
101096,34.0,111168.0,Pune,Graduate,14.0,Business,572.0,59152.0,Yes
100848,60.0,34703.0,Mumbai,Graduate,38.0,Contract,767.0,45155.0,No
100968,53.0,40191.0,Chennai,Graduate,31.0,Contract,675.0,4621.0,No
101876,49.0,105941.0,Chennai,Diploma,23.0,Salaried,716.0,105628.0,No
100870,55.0,108123.0,Mumbai,Graduate,35.0,Contract,564.0,51940.0,Yes
100926,20.0,63185.0,Mumbai,Graduate,0.0,Salaried,708.0,64288.0,No
100699,44.0,77438.0,Chennai,Diploma,22.0,Salaried,749.0,13229.0,No
100217,27.0,43256.0,Bangalore,12th,2.0,Salaried,816.0,41019.0,No
101792,36.0,43838.0,Kolkata,Graduate,16.0,Contract,812.0,34393.0,No
101267,34.0,33929.0,Pune,12th,16.0,Salaried,695.0,39573.0,No
100160,42.0,74744.0,Jaipur,Postgraduate,20.0,Salaried,633.0,13821.0,No
101063,46.0,,Delhi,Graduate,23.0,Self-Employed,758.0,43340.0,No
100993,33.0,57223.0,Bangalore,10th,12.0,Self-Employed,684.0,35375.0,No
100846,40.0,30079.0,Hyderabad,Graduate,19.0,Salaried,657.0,12455.0,No
100638,36.0,92301.0,Hyderabad,Diploma,12.0,Contract,634.0,100213.0,No
100520,43.0,34435.0,Mumbai,Graduate,24.0,Business,727.0,19893.0,No
101437,33.0,75406.0,Mumbai,Graduate,8.0,Salaried,600.0,63136.0,No
101759,51.0,64064.0,Bangalore,Graduate,33.0,Self-Employed,676.0,21276.0,No
100601,43.0,19594.0,Hyderabad,Graduate,20.0,Self-Employed,649.0,1000.0,No
100197,26.0,69517.0,Jaipur,Diploma,6.0,Self-Employed,677.0,44775.0,No
101795,37.0,55239.0,Hyderabad,10th,15.0,Salaried,729.0,25441.0,No
100874,28.0,39877.0,Mumbai,10th,8.0,Salaried,749.0,5627.0,No
100413,20.0,29664.0,Pune,12th,0.0,Business,845.0,16264.0,No
100098,38.0,30503.0,Delhi,Graduate,13.0,Contract,580.0,1000.0,Yes
101005,42.0,74697.0,Hyderabad,Postgraduate,22.0,Salaried,773.0,68245.0,No
101515,34.0,69857.0,Hyderabad,Postgraduate,14.0,Contract,694.0,8668.0,No
100158,40.0,46182.0,Mumbai,Graduate,14.0,Salaried,566.0,47945.0,Yes
100422,53.0,104649.0,Pune,Graduate,28.0,Salaried,713.0,,No
101814,44.0,58035.0,Kolkata,Postgraduate,19.0,Business,,22155.0,No
100481,34.0,39414.0,Hyderabad,Postgraduate,9.0,Contract,614.0,34092.0,Yes
101867,45.0,65567.0,Delhi,Graduate,25.0,Business,593.0,9029.0,Yes
100672,18.0,75751.0,,Graduate,0.0,Salaried,608.0,20346.0,No
101426,18.0,98741.0,Pune,Postgraduate,0.0,Salaried,765.0,68910.0,No
101883,23.0,19950.0,Hyderabad,10th,5.0,Contract,620.0,28601.0,Yes
101307,35.0,73695.0,Hyderabad,Graduate,14.0,Business,705.0,83575.0,No
100450,24.0,37620.0,Bangalore,12th,5.0,Business,593.0,22945.0,Yes
100557,30.0,12906.0,Chennai,Postgraduate,10.0,Self-Employed,600.0,1000.0,No
100180,62.0,55206.0,Bangalore,Diploma,36.0,Salaried,657.0,39978.0,Yes
100393,22.0,24149.0,Hyderabad,Graduate,4.0,Salaried,673.0,,No
100582,31.0,68127.0,Hyderabad,Diploma,13.0,Contract,684.0,33978.0,No
101487,21.0,127605.0,Hyderabad,Graduate,2.0,,819.0,38749.0,No
101718,37.0,195720.0,Chennai,Graduate,16.0,Salaried,806.0,156140.0,No
101295,36.0,28317.0,Mumbai,10th,11.0,Contract,755.0,9306.0,No
101656,32.0,67196.0,Hyderabad,Postgraduate,13.0,Contract,696.0,40711.0,No
101028,36.0,70415.0,Delhi,Graduate,14.0,Salaried,839.0,53446.0,No
100825,31.0,53437.0,Bangalore,Graduate,13.0,Salaried,636.0,56340.0,No
101836,39.0,44198.0,Hyderabad,Diploma,21.0,Contract,,10910.0,No
100989,33.0,29539.0,Pune,Diploma,14.0,Salaried,651.0,14013.0,No
101347,18.0,47036.0,Mumbai,10th,0.0,Salaried,608.0,34903.0,No
100668,50.0,27923.0,Hyderabad,Graduate,32.0,Salaried,688.0,18497.0,No
100144,37.0,62898.0,,Diploma,10.0,Salaried,700.0,49358.0,No
101527,54.0,49327.0,Jaipur,Postgraduate,31.0,Business,660.0,6326.0,No
101438,,27259.0,Mumbai,Graduate,26.0,Contract,765.0,5234.0,No
100869,42.0,73809.0,Delhi,Graduate,24.0,Salaried,650.0,53511.0,No
100424,45.0,53700.0,Hyderabad,10th,25.0,Salaried,705.0,18829.0,No
100640,22.0,68456.0,Pune,Postgraduate,3.0,Salaried,718.0,30194.0,No
101415,29.0,40641.0,Delhi,Diploma,4.0,Self-Employed,724.0,36241.0,No
100804,30.0,31662.0,Chennai,Graduate,6.0,Salaried,733.0,21255.0,No
101412,41.0,44064.0,Delhi,Postgraduate,14.0,Salaried,602.0,47803.0,Yes
100619,40.0,70728.0,Mumbai,Diploma,16.0,Self-Employed,681.0,44031.0,No
100296,28.0,73311.0,Hyderabad,Graduate,3.0,Self-Employed,654.0,58463.0,No
100928,39.0,61894.0,Pune,Diploma,21.0,Salaried,752.0,36582.0,No
101275,47.0,33228.0,Delhi,Graduate,23.0,Business,644.0,25239.0,Yes
101914,40.0,34557.0,Jaipur,Postgraduate,13.0,Salaried,686.0,37609.0,No
100090,40.0,122265.0,Hyderabad,Postgraduate,17.0,Business,743.0,89272.0,No
100042,37.0,43914.0,Hyderabad,Graduate,17.0,Unemployed,749.0,46999.0,No
101813,51.0,34338.0,Mumbai,Graduate,30.0,Salaried,625.0,28637.0,No
101945,41.0,43843.0,Mumbai,12th,21.0,,850.0,37160.0,No
100133,24.0,79631.0,Mumbai,12th,0.0,Unemployed,661.0,,No
101006,39.0,26386.0,Mumbai,Graduate,17.0,Contract,600.0,20231.0,Yes
101163,21.0,42727.0,Mumbai,Graduate,0.0,Business,,31275.0,No
101100,,75660.0,Bangalore,,12.0,Contract,727.0,78934.0,No
101866,18.0,36844.0,Kolkata,Postgraduate,0.0,Self-Employed,675.0,1000.0,No
101353,40.0,69610.0,Hyderabad,Graduate,13.0,Salaried,742.0,18176.0,No
101508,45.0,53185.0,Delhi,Graduate,25.0,Salaried,,,No
100166,39.0,31470.0,Pune,Graduate,18.0,Contract,795.0,14264.0,No
100728,38.0,115024.0,Delhi,Graduate,12.0,Contract,761.0,32266.0,No
100292,30.0,,Delhi,Graduate,10.0,Salaried,778.0,83681.0,No
101214,44.0,127118.0,Delhi,12th,18.0,Salaried,,33145.0,Yes
101599,35.0,66169.0,Mumbai,Graduate,10.0,Self-Employed,640.0,41562.0,No
101908,24.0,25370.0,Mumbai,Graduate,3.0,Salaried,580.0,16637.0,No
101653,37.0,70243.0,Pune,Graduate,11.0,Contract,705.0,63638.0,No
101370,26.0,59111.0,Chennai,12th,5.0,Contract,665.0,32195.0,No
100783,39.0,28377.0,Bangalore,Graduate,21.0,Salaried,644.0,20627.0,No
100844,39.0,28935.0,Hyderabad,Diploma,18.0,Salaried,652.0,14235.0,No
100351,38.0,98524.0,Chennai,Diploma,13.0,Self-Employed,681.0,111147.0,No
101957,18.0,52259.0,Delhi,Postgraduate,0.0,Self-Employed,678.0,66443.0,No
100575,43.0,232472.0,Kolkata,Diploma,24.0,Salaried,628.0,206174.0,Yes
100922,25.0,82855.0,Bangalore,Diploma,0.0,Salaried,771.0,86208.0,No
100981,43.0,63596.0,Kolkata,Graduate,25.0,Salaried,831.0,63338.0,No
101925,56.0,47602.0,Jaipur,Graduate,31.0,Salaried,695.0,26689.0,No
101478,39.0,17274.0,Mumbai,Graduate,15.0,Salaried,718.0,1000.0,No
101602,49.0,37034.0,Hyderabad,Graduate,31.0,Business,620.0,12879.0,No
101325,36.0,100934.0,Mumbai,Diploma,14.0,Salaried,775.0,84908.0,No
101856,28.0,50608.0,Jaipur,Postgraduate,2.0,Salaried,850.0,24133.0,No
100138,32.0,128933.0,Chennai,Diploma,7.0,Salaried,636.0,66200.0,No
100462,35.0,82749.0,Mumbai,Postgraduate,12.0,Salaried,717.0,91478.0,No
100378,37.0,26523.0,Hyderabad,Graduate,12.0,Contract,690.0,5000000.0,No
101351,23.0,41333.0,Mumbai,Diploma,2.0,Salaried,765.0,16151.0,No
100335,45.0,89751.0,Bangalore,Postgraduate,24.0,Salaried,677.0,102704.0,No
101165,45.0,29149.0,Pune,10th,23.0,Salaried,721.0,1000.0,No
101772,52.0,41832.0,Hyderabad,Graduate,25.0,Salaried,710.0,50653.0,No
101467,52.0,43852.0,Jaipur,Graduate,31.0,Salaried,607.0,39634.0,Yes
100821,30.0,47179.0,Jaipur,Graduate,,Salaried,621.0,33679.0,Yes
101120,46.0,136703.0,Jaipur,Graduate,19.0,Salaried,,128895.0,No
101010,30.0,42445.0,Hyderabad,12th,5.0,Self-Employed,750.0,16487.0,No
101868,46.0,136568.0,Delhi,Diploma,25.0,Contract,721.0,95080.0,No
101967,33.0,65264.0,Kolkata,Graduate,15.0,Salaried,699.0,42468.0,No
101862,43.0,35630.0,Hyderabad,Postgraduate,19.0,Salaried,,19785.0,No
100915,34.0,80187.0,Bangalore,Graduate,15.0,Contract,543.0,93019.0,Yes
101941,38.0,67753.0,Delhi,12th,13.0,Self-Employed,663.0,25320.0,No
101131,38.0,52366.0,Chennai,Diploma,13.0,Contract,696.0,26557.0,No
100330,41.0,87737.0,Kolkata,Postgraduate,21.0,Contract,676.0,51478.0,No
101253,18.0,78147.0,Bangalore,Graduate,0.0,Self-Employed,696.0,45475.0,No
100320,34.0,30032.0,Pune,Postgraduate,8.0,Salaried,644.0,43658.0,No
101701,39.0,98808.0,Mumbai,Diploma,14.0,Business,734.0,23889.0,No
101367,35.0,41186.0,Hyderabad,Diploma,16.0,Salaried,634.0,4671.0,No
101744,47.0,60326.0,Mumbai,12th,22.0,Business,650.0,12896.0,No
100169,33.0,48358.0,Chennai,Graduate,12.0,Salaried,792.0,32651.0,No
100013,37.0,36028.0,Pune,Postgraduate,19.0,Salaried,593.0,7437.0,Yes
101938,40.0,26425.0,Jaipur,Graduate,18.0,Salaried,709.0,8851.0,No
100173,34.0,46128.0,Hyderabad,Postgraduate,13.0,Business,615.0,6304.0,No
100653,32.0,72840.0,Mumbai,Diploma,13.0,Salaried,775.0,55774.0,No
101066,24.0,65642.0,Bangalore,Diploma,0.0,Self-Employed,681.0,22533.0,No
100262,34.0,68696.0,Bangalore,Postgraduate,15.0,Unemployed,653.0,1000.0,No
101375,50.0,21799.0,Chennai,Postgraduate,23.0,Contract,656.0,19845.0,No
101559,50.0,51682.0,Delhi,Diploma,31.0,Contract,696.0,49767.0,No
100906,35.0,83109.0,Pune,Diploma,8.0,Salaried,719.0,33944.0,No
100676,27.0,18688.0,Mumbai,Postgraduate,0.0,Salaried,826.0,12058.0,No
100260,43.0,61360.0,Hyderabad,Graduate,21.0,Salaried,706.0,76595.0,No
100849,29.0,39370.0,Kolkata,Graduate,10.0,Self-Employed,703.0,36253.0,No
100872,27.0,70771.0,Bangalore,Postgraduate,3.0,Salaried,583.0,25334.0,No
101811,30.0,31840.0,Mumbai,10th,8.0,Salaried,702.0,38331.0,No
100140,23.0,24537.0,Hyderabad,Graduate,1.0,Business,792.0,5047.0,No
100898,36.0,142013.0,Bangalore,Graduate,15.0,Salaried,796.0,161543.0,No
101849,45.0,50646.0,Hyderabad,Graduate,23.0,Self-Employed,779.0,45004.0,No
100553,47.0,153909.0,Kolkata,12th,20.0,Business,734.0,71656.0,No
100321,36.0,70039.0,Mumbai,Graduate,16.0,Salaried,654.0,,No
101537,40.0,79898.0,Delhi,Graduate,14.0,Contract,659.0,55198.0,No
101817,18.0,44558.0,Kolkata,Graduate,,Business,821.0,27411.0,No
101183,44.0,29974.0,Bangalore,Postgraduate,22.0,Salaried,768.0,23000.0,No
100562,56.0,57654.0,Mumbai,Postgraduate,30.0,Salaried,671.0,24028.0,No
100141,37.0,60217.0,Mumbai,Graduate,18.0,Salaried,686.0,24600.0,No
101746,37.0,49775.0,Hyderabad,Graduate,17.0,Salaried,718.0,13300.0,No
100535,28.0,43719.0,Mumbai,Graduate,4.0,Salaried,650.0,38710.0,No
100226,46.0,113755.0,Chennai,Diploma,25.0,Self-Employed,770.0,49957.0,No
100727,35.0,95932.0,Hyderabad,Graduate,9.0,Business,768.0,63458.0,No
100791,39.0,76294.0,Hyderabad,Postgraduate,19.0,Business,611.0,70292.0,Yes
101729,39.0,28432.0,Delhi,Graduate,12.0,Salaried,711.0,22946.0,No
101012,37.0,114037.0,Delhi,Graduate,17.0,Salaried,730.0,66179.0,No
100412,24.0,128149.0,Hyderabad,10th,5.0,Salaried,585.0,143776.0,Yes
100327,47.0,30171.0,Kolkata,10th,27.0,Contract,696.0,11763.0,No
101777,29.0,20090.0,Chennai,Graduate,8.0,Salaried,687.0,18359.0,No
100301,27.0,98092.0,Pune,Diploma,0.0,Contract,682.0,95603.0,No
101268,26.0,44676.0,Hyderabad,Graduate,0.0,Unemployed,678.0,44851.0,No
101958,66.0,48212.0,Hyderabad,Graduate,43.0,Salaried,621.0,25960.0,No
100026,36.0,60852.0,Pune,12th,12.0,Salaried,766.0,53692.0,No
101870,31.0,95126.0,Hyderabad,12th,8.0,Salaried,707.0,111343.0,No
100718,37.0,89497.0,Hyderabad,Diploma,14.0,Salaried,765.0,47222.0,No
101014,28.0,25506.0,Hyderabad,Postgraduate,1.0,Salaried,751.0,17028.0,No
100195,37.0,61049.0,Pune,Postgraduate,19.0,Salaried,720.0,75065.0,No
100443,18.0,27020.0,Hyderabad,Diploma,0.0,Salaried,692.0,19928.0,No
100577,37.0,123055.0,,Postgraduate,16.0,Contract,727.0,42311.0,No
100951,33.0,106765.0,Chennai,Postgraduate,9.0,Contract,746.0,124906.0,No
101002,44.0,34265.0,Bangalore,Diploma,,Contract,636.0,11076.0,No
100507,29.0,278477.0,Hyderabad,Graduate,9.0,Salaried,826.0,333634.0,No
100609,18.0,90082.0,Hyderabad,Graduate,0.0,Salaried,791.0,75109.0,No
101728,43.0,99058.0,Delhi,Graduate,17.0,Salaried,612.0,84905.0,No
101169,41.0,52153.0,Jaipur,Graduate,22.0,Self-Employed,850.0,46562.0,No
101798,27.0,61805.0,Pune,Postgraduate,4.0,Salaried,647.0,27549.0,No
100851,150.0,40682.0,Jaipur,Graduate,3.0,Self-Employed,609.0,47492.0,No
100004,50.0,46430.0,Mumbai,Graduate,25.0,Salaried,704.0,49696.0,No
101294,43.0,66237.0,Delhi,Postgraduate,16.0,Business,707.0,29407.0,No
101228,34.0,109358.0,Pune,Diploma,15.0,Unemployed,722.0,61693.0,No
100471,32.0,99233.0,Bangalore,Graduate,13.0,Salaried,734.0,105085.0,No
100323,27.0,70747.0,Bangalore,Diploma,9.0,Self-Employed,678.0,27776.0,No
100006,33.0,61846.0,Delhi,Postgraduate,11.0,Salaried,668.0,61413.0,No
100224,19.0,49782.0,Mumbai,Graduate,0.0,Salaried,752.0,21018.0,No
101383,57.0,61821.0,Hyderabad,,38.0,Salaried,696.0,13116.0,No
100551,36.0,22990.0,Hyderabad,Graduate,14.0,Contract,625.0,9713.0,No
100230,42.0,95724.0,Mumbai,GRADUATE,19.0,Salaried,789.0,61756.0,No
100040,37.0,20787.0,Bangalore,Postgraduate,18.0,Business,745.0,21323.0,No
100546,27.0,69788.0,Mumbai,Graduate,7.0,Self-Employed,687.0,55564.0,No
100244,44.0,23266.0,Hyderabad,12th,23.0,Salaried,675.0,11367.0,No
100903,35.0,40202.0,Mumbai,Graduate,9.0,Salaried,658.0,21345.0,No
101139,41.0,71360.0,Delhi,Postgraduate,18.0,Salaried,628.0,56118.0,Yes
101458,,44718.0,Mumbai,10th,20.0,Contract,731.0,39960.0,No
101880,27.0,49372.0,Pune,Postgraduate,4.0,Salaried,639.0,13972.0,No
100847,38.0,39784.0,Delhi,Diploma,17.0,Self-Employed,681.0,9331.0,No
101427,56.0,63196.0,Jaipur,Diploma,38.0,Salaried,667.0,42184.0,No
101665,48.0,105989.0,Bangalore,Graduate,23.0,Salaried,731.0,110197.0,No
101982,21.0,135595.0,Delhi,12th,0.0,Contract,652.0,112280.0,No
100665,28.0,70959.0,mumbai,Graduate,6.0,Salaried,676.0,62049.0,No
101216,47.0,146544.0,Chennai,Diploma,27.0,Unemployed,641.0,133490.0,No
100316,35.0,,Hyderabad,Diploma,10.0,Salaried,756.0,15476.0,No
100695,41.0,66086.0,Hyderabad,12th,23.0,Business,633.0,21139.0,No
101513,28.0,141028.0,Mumbai,,7.0,Business,719.0,180524.0,No
100427,25.0,75337.0,Bangalore,Diploma,4.0,Salaried,825.0,21779.0,No
100598,25.0,61777.0,Pune,Diploma,1.0,Salaried,694.0,50284.0,No
101976,31.0,61112.0,Bangalore,12th,11.0,Business,715.0,25398.0,No
100626,30.0,34252.0,Pune,Graduate,3.0,Salaried,816.0,18048.0,No
101176,32.0,36361.0,Pune,Graduate,6.0,Salaried,683.0,49835.0,No
101048,19.0,45713.0,Bangalore,10th,1.0,Contract,705.0,20184.0,No
100229,28.0,19702.0,Delhi,12th,10.0,Salaried,771.0,3217.0,No
101123,41.0,72060.0,Hyderabad,12th,23.0,Salaried,736.0,74105.0,No
101340,37.0,147722.0,Pune,Graduate,12.0,Salaried,766.0,36398.0,No
101323,34.0,23463.0,Chennai,10th,10.0,Salaried,804.0,11235.0,No
100068,45.0,51084.0,Chennai,Diploma,21.0,Salaried,667.0,47885.0,No
100025,30.0,10450.0,Chennai,Graduate,4.0,Business,566.0,1000.0,Yes
100146,,124806.0,Bangalore,Graduate,16.0,Salaried,667.0,68345.0,No
100540,29.0,56687.0,Delhi,Postgraduate,2.0,Salaried,698.0,42311.0,No
100816,20.0,86066.0,Delhi,Graduate,0.0,Self-Employed,689.0,59924.0,No
101476,41.0,27135.0,,Graduate,19.0,Business,760.0,20006.0,No
100087,44.0,41590.0,Hyderabad,10th,25.0,Salaried,729.0,37833.0,No
101672,31.0,88864.0,Chennai,Postgraduate,9.0,,636.0,31463.0,No
101657,37.0,55218.0,Bangalore,Graduate,18.0,Salaried,850.0,14138.0,No
101816,26.0,20514.0,Delhi,12th,0.0,Self-Employed,694.0,17049.0,No
101829,34.0,105359.0,Hyderabad,10th,8.0,Self-Employed,628.0,45831.0,No
101587,37.0,37514.0,Mumbai,12th,19.0,Salaried,625.0,9245.0,No
101150,27.0,33588.0,Chennai,Postgraduate,4.0,Business,512.0,1000.0,Yes
100365,42.0,38909.0,Pune,Graduate,23.0,Self-Employed,682.0,10137.0,No
101623,44.0,18528.0,Hyderabad,Graduate,19.0,Unemployed,647.0,4428.0,No
101877,29.0,92744.0,Hyderabad,Diploma,11.0,Salaried,639.0,28640.0,Yes
101031,32.0,13996.0,Chennai,Postgraduate,5.0,Unemployed,774.0,,No
101035,30.0,56814.0,Mumbai,Diploma,6.0,Business,747.0,36198.0,No
101311,35.0,28712.0,Chennai,12th,10.0,Salaried,832.0,22819.0,No
101364,25.0,26097.0,Mumbai,Diploma,3.0,Contract,757.0,20466.0,No
101742,33.0,73262.0,Hyderabad,Diploma,10.0,Self-Employed,671.0,7852.0,No
100669,18.0,74522.0,Mumbai,Diploma,0.0,Salaried,626.0,48293.0,Yes
100367,37.0,40962.0,Delhi,12th,14.0,Salaried,650.0,16834.0,No
100079,36.0,50939.0,Hyderabad,Graduate,9.0,Salaried,799.0,76034.0,No
100028,39.0,108718.0,Mumbai,10th,13.0,Salaried,757.0,82923.0,No
101445,39.0,80625.0,Chennai,Graduate,21.0,Self-Employed,763.0,35378.0,No
100529,38.0,170448.0,Bangalore,Graduate,18.0,Self-Employed,668.0,,No
101846,25.0,86735.0,Pune,Graduate,1.0,Salaried,571.0,77078.0,Yes
100056,44.0,35049.0,Mumbai,Graduate,17.0,Salaried,810.0,54528.0,No
100642,52.0,48784.0,Jaipur,10th,33.0,Business,732.0,38401.0,No
100304,41.0,63114.0,Bangalore,10th,23.0,Salaried,691.0,41183.0,No
100722,18.0,41645.0,Delhi,Diploma,0.0,Salaried,721.0,29266.0,No
100628,34.0,80736.0,Delhi,Diploma,10.0,Self-Employed,822.0,89358.0,No
100008,43.0,35091.0,Bangalore,Postgraduate,20.0,Salaried,716.0,24660.0,No
100808,30.0,,Chennai,Graduate,6.0,Self-Employed,717.0,11035.0,No
101054,38.0,35740.0,Delhi,Graduate,19.0,Salaried,671.0,6853.0,No
100339,39.0,55214.0,Hyderabad,Diploma,15.0,Contract,730.0,37702.0,No
100048,46.0,54719.0,Bangalore,Diploma,21.0,Salaried,673.0,15094.0,No
101775,28.0,20765.0,Jaipur, 10th,9.0,Salaried,629.0,6566.0,Yes
100108,37.0,78136.0,Delhi,Graduate,12.0,Self-Employed,664.0,13350.0,No
100352,50.0,77222.0,Pune,Postgraduate,26.0,Salaried,667.0,81385.0,No
101085,39.0,49656.0,Hyderabad,Postgraduate,19.0,Business,767.0,29068.0,No
100240,44.0,80223.0,Hyderabad,Diploma,17.0,Contract,711.0,74781.0,No
100215,32.0,42471.0,Pune,Postgraduate,7.0,Contract,708.0,23432.0,No
101787,32.0,65453.0,Pune,Graduate,7.0,Salaried,751.0,69710.0,No
101144,36.0,39480.0,Bangalore,12th,12.0,Salaried,688.0,24430.0,No
100798,42.0,20596.0,Chennai,Graduate,21.0,,846.0,3821.0,No
101597,41.0,32200.0,,Postgraduate,14.0,Salaried,731.0,31017.0,No
101593,39.0,195260.0,Hyderabad,Graduate,17.0,Salaried,770.0,156363.0,No
101683,26.0,60680.0,Hyderabad,Graduate,7.0,Contract,658.0,26084.0,No
100527,19.0,69296.0,Pune,Graduate,0.0,Salaried,686.0,55233.0,No
100234,28.0,89861.0,Pune,Diploma,4.0,Business,609.0,77725.0,Yes
100648,34.0,25388.0,Chennai,12th,8.0,Salaried,651.0,18509.0,No
101517,50.0,35509.0,Hyderabad,Postgraduate,26.0,Business,719.0,24467.0,No
100537,26.0,94069.0,Mumbai,Postgraduate,0.0,Self-Employed,643.0,20994.0,No
101954,28.0,75272.0,Hyderabad,Postgraduate,2.0,Salaried,685.0,80004.0,No
100607,27.0,39438.0,Delhi,Graduate,3.0,Self-Employed,799.0,3193.0,No
101338,32.0,50673.0,Kolkata,12th,,Salaried,790.0,63001.0,No
101080,44.0,47973.0,Delhi,Diploma,18.0,Salaried,648.0,26324.0,No
101312,43.0,70425.0,Delhi,Postgraduate,22.0,Salaried,732.0,34615.0,No
100062,33.0,50998.0,Pune,Graduate,6.0,Salaried,829.0,30805.0,No
101269,28.0,62466.0,Mumbai,10th,7.0,Unemployed,742.0,82470.0,No
100094,32.0,29399.0,Hyderabad,Graduate,5.0,Salaried,835.0,42911.0,No
100670,46.0,77589.0,Delhi,Postgraduate,,Contract,614.0,75201.0,No
100282,42.0,,Hyderabad,Diploma,20.0,Self-Employed,653.0,33187.0,No
101119,37.0,97917.0,Delhi,,14.0,Contract,833.0,107781.0,No
100362,50.0,26137.0,Chennai,Postgraduate,32.0,Contract,794.0,43366.0,No
101134,40.0,125155.0,Pune,12th,13.0,Business,619.0,11628.0,No
101175,27.0,31694.0,Bangalore,Graduate,3.0,Business,673.0,21991.0,No
100852,29.0,86979.0,Kolkata,Postgraduate,10.0,Contract,673.0,27052.0,No
101532,18.0,152791.0,Jaipur,12th,0.0,Salaried,731.0,58611.0,No
100112,35.0,50290.0,Jaipur,12th,14.0,Salaried,732.0,21939.0,No
100043,34.0,41227.0,Mumbai,12th,14.0,Self-Employed,702.0,11805.0,No
100127,25.0,28728.0,Jaipur,Graduate,3.0,Salaried,602.0,28771.0,Yes
100206,150.0,71319.0,Delhi,Graduate,5.0,Self-Employed,669.0,46578.0,No
100053,28.0,38297.0,Chennai,Postgraduate,10.0,Unemployed,739.0,25662.0,No
100549,39.0,96457.0,Pune, 10th,,Salaried,807.0,39071.0,No
100070,29.0,91538.0,Mumbai,12th,11.0,Salaried,723.0,103255.0,No
101752,42.0,65913.0,Pune,Postgraduate,17.0,Business,679.0,62151.0,No
101558,27.0,58852.0,Mumbai,Postgraduate,0.0,Contract,608.0,30711.0,No
100185,33.0,16294.0,Jaipur,Graduate,7.0,Salaried,619.0,21010.0,No
100139,43.0,27822.0,Hyderabad,Graduate,23.0,Self-Employed,741.0,27313.0,No
100904,48.0,65928.0,Kolkata,Graduate,25.0,Salaried,647.0,49173.0,No
100801,44.0,60852.0,Hyderabad,Graduate,17.0,Salaried,600.0,13744.0,No
100134,40.0,,Bangalore,12th,18.0,Salaried,730.0,93535.0,No
100082,39.0,76554.0,Pune,12th,19.0,Salaried,561.0,42257.0,Yes
101999,33.0,135801.0,Bangalore,Diploma,7.0,Salaried,681.0,62866.0,No
101551,34.0,41060.0,Mumbai,Graduate,13.0,Contract,709.0,46880.0,No
100545,18.0,208936.0,Hyderabad,Graduate,0.0,Self-Employed,681.0,144348.0,No
101680,31.0,52525.0,Hyderabad,Postgraduate,7.0,Salaried,612.0,31026.0,Yes
100988,44.0,57898.0,Delhi,,17.0,Self-Employed,636.0,9522.0,No
100167,43.0,35211.0,Bangalore,Postgraduate,24.0,Self-Employed,850.0,28008.0,No
100250,39.0,91308.0,Hyderabad,Graduate,17.0,Self-Employed,737.0,23452.0,No
100449,30.0,35740.0,Bangalore,Postgraduate,11.0,Salaried,618.0,32161.0,Yes
101525,31.0,39939.0,Bangalore,12th,4.0,Contract,680.0,19612.0,No
100863,50.0,29996.0,Pune,Postgraduate,30.0,Business,775.0,1000.0,No
101217,28.0,22114.0,Bangalore,12th,6.0,Contract,805.0,10381.0,No
100099,35.0,,Delhi,Postgraduate,9.0,Salaried,591.0,2783.0,Yes
101986,,17500.0,Jaipur,Postgraduate,17.0,Business,810.0,18196.0,No
100741,18.0,69097.0,Mumbai,12th,0.0,Business,602.0,68347.0,Yes
101261,41.0,48249.0,Pune,Graduate,23.0,Self-Employed,640.0,32559.0,No
100104,27.0,102138.0,Chennai,Graduate,1.0,Self-Employed,780.0,101467.0,No
100437,51.0,51163.0,Mumbai,Postgraduate,30.0,Salaried,666.0,50767.0,No
100076,43.0,46224.0,Hyderabad,12th,24.0,,739.0,39632.0,No
101803,28.0,28158.0,Hyderabad,12th,10.0,Salaried,714.0,8412.0,No
101240,51.0,92129.0,Pune,Graduate,30.0,Contract,,61214.0,No
100923,36.0,49415.0,Chennai,12th,10.0,Salaried,734.0,50643.0,No
101723,42.0,22341.0,Jaipur,Diploma,19.0,Business,805.0,22650.0,No
101682,35.0,,Hyderabad,Diploma,11.0,Contract,686.0,,No
101632,27.0,38802.0,Chennai,Graduate,3.0,Self-Employed,645.0,40515.0,Yes
100766,28.0,86360.0,Pune,Graduate,6.0,Contract,630.0,42522.0,No
100994,28.0,48941.0,Hyderabad,12th,5.0,Salaried,689.0,17793.0,No
100391,26.0,19924.0,Bangalore,Graduate,6.0,Salaried,676.0,2242.0,No
100237,18.0,55433.0,Mumbai,12th,0.0,Business,676.0,35369.0,No
101516,34.0,71437.0,Kolkata,Postgraduate,10.0,Salaried,663.0,44047.0,No
100269,31.0,41681.0,Mumbai,12th,7.0,Salaried,727.0,49098.0,No
101193,29.0,192913.0,Pune,Graduate,3.0,Salaried,704.0,33605.0,No
100119,46.0,13438.0,Hyderabad,Graduate,22.0,Salaried,728.0,21084.0,No
101617,38.0,,Mumbai,12th,17.0,Salaried,715.0,24614.0,No
100677,24.0,66662.0,Hyderabad,12th,0.0,Salaried,705.0,17696.0,No
100251,22.0,51274.0,Chennai,Graduate,2.0,Salaried,741.0,17568.0,No
101462,23.0,156154.0,Hyderabad,Graduate,0.0,Salaried,812.0,43710.0,No
100580,46.0,144687.0,Hyderabad,Postgraduate,21.0,Salaried,599.0,64142.0,No
100096,20.0,52755.0,Pune,Postgraduate,0.0,Salaried,648.0,21253.0,No
100034,24.0,72627.0,Delhi,Graduate,6.0,Salaried,690.0,30017.0,No
101473,34.0,56604.0,DELHI,Postgraduate,,Unemployed,686.0,19689.0,No
101679,45.0,105929.0,Pune,Graduate,25.0,,711.0,106615.0,No
100451,34.0,33229.0,Mumbai,Diploma,7.0,Salaried,730.0,14898.0,No
100720,34.0,58867.0,Hyderabad,Postgraduate,10.0,Business,654.0,13896.0,No
101821,34.0,44141.0,Chennai,Postgraduate,16.0,Business,645.0,27055.0,No
101528,50.0,171517.0,Hyderabad,Graduate,30.0,Self-Employed,590.0,28266.0,Yes
100001,40.0,37939.0,Mumbai,Postgraduate,15.0,Business,765.0,1829.0,No
101384,29.0,96754.0,Mumbai,Diploma,6.0,Business,580.0,90761.0,Yes
101107,41.0,27007.0,Jaipur,12th,23.0,Unemployed,641.0,17284.0,No
101114,40.0,28279.0,Pune,Postgraduate,17.0,Salaried,765.0,25501.0,No
101232,21.0,18050.0,Mumbai,Graduate,0.0,Business,,19552.0,No
100084,30.0,15556.0,Kolkata,Diploma,5.0,Salaried,702.0,8969.0,No
101296,34.0,30445.0,Jaipur,12th,12.0,Business,719.0,25810.0,No
100680,48.0,47581.0,Bangalore,Diploma,26.0,Self-Employed,687.0,31348.0,No
101932,40.0,127453.0,Hyderabad,Graduate,17.0,Salaried,783.0,33895.0,No
101051,29.0,25866.0,Bangalore,Graduate,6.0,Salaried,687.0,23857.0,No
100774,45.0,23467.0,Pune,Diploma,27.0,Business,724.0,9022.0,No
101959,46.0,101656.0,Kolkata,Graduate,25.0,Salaried,690.0,39712.0,No
101288,40.0,48956.0,Mumbai,Graduate,18.0,Business,664.0,36890.0,No
101591,24.0,98982.0,Chennai,Postgraduate,6.0,Salaried,684.0,68284.0,No
101498,47.0,53564.0,Hyderabad,Postgraduate,27.0,Contract,627.0,24345.0,No
100407,24.0,26912.0,Jaipur,Graduate,1.0,Contract,620.0,11076.0,No
101739,45.0,44858.0,Mumbai,Postgraduate,21.0,Contract,668.0,11508.0,No
101306,26.0,98602.0,,12th,7.0,Salaried,727.0,12000.0,No
101349,21.0,79898.0,Mumbai,Graduate,,Unemployed,767.0,14830.0,No
100106,39.0,135748.0,Bangalore,Graduate,20.0,Business,727.0,118920.0,No
100692,47.0,48091.0,,12th,21.0,Salaried,771.0,26584.0,No
101313,49.0,173237.0,Mumbai,Postgraduate,23.0,Salaried,674.0,159759.0,No
100831,22.0,21546.0,Chennai,Graduate,0.0,Self-Employed,693.0,14519.0,No
100064,23.0,51965.0,Hyderabad,Graduate,4.0,Salaried,703.0,20589.0,No
100857,27.0,37058.0,Mumbai,12th,3.0,Salaried,674.0,44646.0,No
101362,41.0,21743.0,Delhi,Graduate,21.0,Salaried,766.0,11288.0,No
100225,30.0,38482.0,Kolkata,12th,9.0,Salaried,674.0,44476.0,No
100147,23.0,,Mumbai,Graduate,0.0,Salaried,816.0,13066.0,No
101094,36.0,69277.0,Hyderabad,Graduate,12.0,Salaried,757.0,62093.0,No
100376,27.0,121998.0,Bangalore,Postgraduate,5.0,Salaried,684.0,80010.0,No
101429,33.0,70221.0,Hyderabad,Graduate,15.0,Self-Employed,716.0,70618.0,No
101148,21.0,37175.0,Mumbai,Graduate,0.0,Salaried,691.0,7008.0,No
101838,36.0,,Delhi,Postgraduate,12.0,Self-Employed,759.0,36969.0,No
101504,35.0,56571.0,Pune,Graduate,8.0,Self-Employed,744.0,45029.0,No
101612,19.0,58474.0,Pune,12th,0.0,Salaried,721.0,35334.0,No
101277,58.0,104684.0,Delhi,Postgraduate,34.0,Self-Employed,804.0,21735.0,No
100010,40.0,92111.0,Delhi,12th,14.0,Salaried,672.0,79915.0,No
100453,25.0,53005.0,Jaipur,Graduate,7.0,Business,768.0,57177.0,No
100712,34.0,127758.0,Chennai,Graduate,7.0,Self-Employed,767.0,121040.0,No
100257,48.0,89579.0,Delhi,Graduate,28.0,Salaried,615.0,34135.0,Yes
100887,41.0,41178.0,Jaipur,Graduate,23.0,Business,681.0,9109.0,No
100392,40.0,32987.0,Hyderabad,Graduate,16.0,Business,768.0,22502.0,No
100913,37.0,36793.0,Hyderabad,Graduate,17.0,Self-Employed,730.0,16218.0,No
100929,51.0,131013.0,Mumbai,Graduate,30.0,Salaried,652.0,45520.0,No
101715,30.0,95994.0,Chennai,Graduate,11.0,Salaried,750.0,92389.0,No
101238,29.0,27581.0,Kolkata,Graduate,10.0,Salaried,654.0,11733.0,No
100464,37.0,27844.0,Mumbai,Postgraduate,14.0,Salaried,767.0,22858.0,No
101276,36.0,750000.0,Pune,Diploma,18.0,Contract,754.0,28148.0,No
101771,35.0,95425.0,Hyderabad,Graduate,17.0,,750.0,28999.0,No
101174,34.0,84280.0,Pune,Postgraduate,14.0,Salaried,730.0,39761.0,No
100963,37.0,41116.0,Mumbai,12th,10.0,Contract,745.0,16961.0,No
100505,28.0,30280.0,Pune,Postgraduate,3.0,Salaried,720.0,20163.0,No
100743,29.0,56332.0,Delhi,Graduate,10.0,Salaried,784.0,12687.0,No
101861,34.0,42895.0,Hyderabad,Postgraduate,8.0,Contract,663.0,34239.0,No
100873,21.0,17452.0,Hyderabad,Graduate,0.0,Self-Employed,773.0,19441.0,No
100735,45.0,164057.0,Mumbai,12th,21.0,Salaried,643.0,117653.0,No
100543,40.0,48812.0,Mumbai,Graduate,15.0,Salaried,667.0,3850.0,No
101207,28.0,35959.0,Delhi,Diploma,2.0,Self-Employed,716.0,10118.0,No
100701,30.0,68039.0,Hyderabad,Postgraduate,10.0,Self-Employed,734.0,76200.0,No
101401,25.0,72069.0,Chennai,,6.0,Business,744.0,97931.0,No
101385,42.0,101046.0,Mumbai,12th,15.0,Self-Employed,627.0,127683.0,No
101151,25.0,87394.0,Bangalore,Graduate,1.0,Self-Employed,682.0,112826.0,No
101036,51.0,70324.0,JAIPUR,Postgraduate,33.0,Unemployed,780.0,20237.0,No
100375,57.0,101687.0,Hyderabad,Postgraduate,31.0,Contract,657.0,82626.0,No
100671,47.0,37491.0,pune,12th,25.0,Unemployed,683.0,5942.0,No
101536,19.0,132195.0,Mumbai,Postgraduate,0.0,Self-Employed,697.0,103338.0,No
100360,27.0,68861.0,Pune,,6.0,Business,683.0,92759.0,No
100972,28.0,52963.0,Chennai,Graduate,4.0,Salaried,725.0,33635.0,No
100788,,26963.0,Bangalore,Graduate,19.0,Salaried,502.0,1000.0,Yes
100739,52.0,129298.0,Hyderabad,Postgraduate,25.0,Salaried,800.0,44316.0,No
101040,45.0,49092.0,Bangalore,Postgraduate,18.0,Salaried,645.0,31538.0,No
100975,31.0,90793.0,Kolkata,Graduate,,Contract,652.0,20068.0,No
101535,30.0,174173.0,Hyderabad,Graduate,5.0,Salaried,781.0,70288.0,No
101496,55.0,159440.0,Pune,Graduate,35.0,Salaried,666.0,115136.0,No
101534,34.0,27823.0,Delhi,Graduate,11.0,Salaried,701.0,15346.0,No
101500,41.0,45203.0,Bangalore,12th,17.0,Salaried,596.0,46225.0,Yes
101654,31.0,34926.0,Pune,Postgraduate,6.0,Salaried,666.0,35675.0,No
101258,39.0,37174.0,Pune,Diploma,15.0,Salaried,666.0,6503.0,No
101705,39.0,50913.0,Hyderabad,10th,13.0,Contract,553.0,30905.0,Yes
101761,51.0,65659.0,Mumbai,Graduate,27.0,Salaried,699.0,32492.0,No
101242,33.0,266388.0,Pune,diploma,11.0,Salaried,689.0,121265.0,No
100890,46.0,67896.0,,10th,19.0,Salaried,643.0,37679.0,No
100081,33.0,55016.0,Mumbai,Graduate,13.0,Self-Employed,747.0,25799.0,No
101178,34.0,41744.0,Pune,12th,9.0,Contract,771.0,41051.0,No
100819,36.0,68301.0,Mumbai,Diploma,12.0,Salaried,630.0,57474.0,Yes
101293,35.0,111015.0,Hyderabad,Graduate,8.0,Salaried,706.0,84698.0,No
100675,21.0,31583.0,Chennai,Diploma,0.0,Salaried,541.0,41572.0,Yes
101542,53.0,122166.0,Hyderabad,Graduate,29.0,Business,727.0,,No
100058,32.0,88965.0,Pune,Graduate,14.0,Contract,665.0,99247.0,No
100135,26.0,45268.0,Chennai,Postgraduate,3.0,Business,757.0,30978.0,No
101146,35.0,,Bangalore,Graduate,9.0,Business,706.0,39776.0,No
100938,42.0,48477.0,Pune,Graduate,24.0,,614.0,51698.0,Yes
101696,54.0,46249.0,Hyderabad,Graduate,33.0,Salaried,735.0,50933.0,No
100828,30.0,53156.0,Bangalore,Graduate,7.0,Contract,699.0,30871.0,No
101220,56.0,81789.0,Pune,Postgraduate,31.0,Self-Employed,763.0,71282.0,No
100508,26.0,109061.0,Bangalore,Postgraduate,,Self-Employed,640.0,41479.0,No
101786,20.0,40631.0,Kolkata,Diploma,2.0,Self-Employed,656.0,1000.0,No
100350,33.0,44333.0,Hyderabad,12th,13.0,Salaried,587.0,22459.0,Yes
100389,45.0,89742.0,Hyderabad,Postgraduate,27.0,Contract,746.0,75399.0,No
101029,41.0,41552.0,Hyderabad,Graduate,19.0,Salaried,743.0,19039.0,No
100899,47.0,46957.0,Hyderabad,Postgraduate,28.0,Salaried,734.0,15969.0,No
100833,25.0,129920.0,Mumbai,Graduate,0.0,Salaried,1100.0,41691.0,No
101904,39.0,32751.0,Chennai,12th,17.0,Self-Employed,735.0,21652.0,No
100479,66.0,26340.0,Mumbai,Postgraduate,48.0,Contract,679.0,24255.0,No
101480,31.0,117899.0,Mumbai,Diploma,7.0,Business,735.0,46264.0,No
101457,43.0,100099.0,Hyderabad,10th,16.0,Business,850.0,32280.0,No
101592,18.0,76677.0,Pune,Graduate,0.0,Contract,693.0,72932.0,No
100656,36.0,87999.0,Hyderabad,Postgraduate,14.0,,687.0,75280.0,No
100174,38.0,59788.0,Hyderabad,Postgraduate,16.0,Salaried,619.0,13229.0,No
101155,51.0,31067.0,Jaipur,Postgraduate,24.0,Self-Employed,,34770.0,No
100039,22.0,54232.0,Bangalore,Postgraduate,0.0,Salaried,649.0,11728.0,No
100717,36.0,77584.0,Jaipur,Graduate,14.0,Self-Employed,680.0,,No
100092,45.0,64884.0,Chennai,,23.0,Unemployed,779.0,39865.0,No
101948,35.0,69605.0,Chennai,Postgraduate,17.0,Salaried,694.0,13162.0,No
101211,23.0,105452.0,Hyderabad,Postgraduate,4.0,Unemployed,724.0,70827.0,No
100880,47.0,,Bangalore,Postgraduate,25.0,Business,741.0,48591.0,No
101360,37.0,32088.0,Mumbai,Diploma,16.0,Unemployed,640.0,24866.0,No
101901,42.0,40507.0,Jaipur,10th,23.0,Contract,658.0,21646.0,No
101099,44.0,51218.0,Bangalore,Diploma,20.0,Salaried,640.0,16596.0,Yes
101161,18.0,39400.0,Delhi,Graduate,0.0,Self-Employed,634.0,15637.0,Yes
101793,33.0,63357.0,Hyderabad,Graduate,13.0,,655.0,74087.0,No
101971,41.0,44207.0,Pune,Graduate,15.0,Contract,634.0,35943.0,No
100503,21.0,45838.0,Chennai,12th,0.0,Business,637.0,35717.0,No
100341,27.0,80777.0,Mumbai,Diploma,4.0,Salaried,623.0,85594.0,Yes
101194,38.0,39159.0,Hyderabad,Graduate,19.0,Business,626.0,,No
100029,29.0,61722.0,Hyderabad,Graduate,8.0,Self-Employed,652.0,33454.0,Yes
101223,41.0,116878.0,Pune,Graduate,23.0,Self-Employed,764.0,124601.0,No
101408,50.0,58952.0,Delhi,Postgraduate,30.0,Self-Employed,729.0,57391.0,No
101832,37.0,41131.0,Jaipur,Graduate,10.0,Business,700.0,41703.0,No
100950,,22434.0,Mumbai,Postgraduate,17.0,Salaried,700.0,14632.0,No
100171,26.0,,Chennai,Postgraduate,2.0,Salaried,647.0,41376.0,No
101413,40.0,164463.0,Pune,12th,21.0,Salaried,673.0,32290.0,No
101203,36.0,62153.0,Pune,10th,16.0,Salaried,667.0,34692.0,No
101259,28.0,105640.0,Kolkata,10th,6.0,Salaried,706.0,76460.0,No
101625,54.0,156195.0,Pune,Postgraduate,29.0,Salaried,706.0,39590.0,No
100917,41.0,49938.0,Bangalore,12th,18.0,Business,670.0,13000.0,No
100495,50.0,27557.0,Bangalore,Diploma,28.0,Business,698.0,33458.0,No
100958,40.0,48290.0,Kolkata,Graduate,14.0,Business,637.0,48364.0,No
101103,56.0,136258.0,Hyderabad,Diploma,36.0,Salaried,692.0,103670.0,No
101037,23.0,45555.0,Jaipur,Graduate,4.0,Salaried,802.0,49403.0,No
100591,36.0,108627.0,Bangalore,Graduate,13.0,,667.0,109650.0,No
100754,46.0,50621.0,,Postgraduate,26.0,Self-Employed,687.0,31753.0,No
100661,29.0,28811.0,Mumbai,Postgraduate,2.0,,725.0,12896.0,No
100236,41.0,82208.0,Mumbai,Graduate,17.0,Unemployed,698.0,39353.0,No
100736,40.0,41071.0,Pune,Graduate,18.0,Salaried,773.0,9520.0,No
100116,38.0,,Bangalore,Diploma,17.0,Business,771.0,16109.0,No
101644,40.0,53951.0,Mumbai,10th,13.0,Salaried,698.0,47988.0,No
101162,58.0,70674.0,Hyderabad,Graduate,34.0,Unemployed,675.0,23659.0,No
101479,26.0,103732.0,Delhi,Postgraduate,1.0,Salaried,655.0,34738.0,No
101433,44.0,73301.0,Mumbai,Diploma,21.0,Unemployed,667.0,24010.0,No
101639,56.0,51382.0,Hyderabad,Postgraduate,29.0,Contract,739.0,25097.0,No
100939,37.0,22323.0,Mumbai,Diploma,17.0,Salaried,627.0,19269.0,No
101215,32.0,82428.0,Mumbai,,9.0,Self-Employed,,66677.0,No
101070,38.0,80506.0,Hyderabad,10th,14.0,Self-Employed,739.0,97775.0,No
100110,34.0,76637.0,Pune,Diploma,9.0,Contract,646.0,27428.0,No
101553,26.0,66555.0,Hyderabad,Graduate,1.0,Contract,737.0,30256.0,No
100572,52.0,24794.0,Pune,Graduate,28.0,Contract,624.0,7949.0,No
101173,36.0,26653.0,Mumbai,Graduate,14.0,,698.0,11866.0,No
101180,24.0,73034.0,Bangalore,Graduate,4.0,,721.0,12083.0,No
100895,49.0,72739.0,Chennai,Graduate,31.0,Salaried,644.0,,No
100952,39.0,84344.0,Bangalore,Diploma,19.0,Self-Employed,581.0,79183.0,Yes
101053,40.0,46929.0,Bangalore,Graduate,15.0,Business,703.0,34149.0,No
101361,35.0,29166.0,Mumbai,Graduate,11.0,Self-Employed,612.0,29354.0,Yes
101789,38.0,60759.0,Mumbai,Graduate,15.0,Salaried,707.0,57562.0,No
101456,18.0,170114.0,Bangalore,Postgraduate,0.0,Salaried,631.0,139859.0,No
100889,41.0,44504.0,Delhi,Postgraduate,14.0,Salaried,648.0,63515.0,No
101684,38.0,108137.0,Hyderabad,Diploma,15.0,Unemployed,663.0,78391.0,No
100855,49.0,107470.0,Delhi,Diploma,27.0,Unemployed,597.0,16470.0,No
100738,45.0,66395.0,Mumbai,Postgraduate,21.0,Salaried,695.0,31469.0,No
100721,38.0,161115.0,Delhi,Graduate,12.0,Unemployed,750.0,84964.0,No
100458,25.0,62740.0,Mumbai,Graduate,1.0,Self-Employed,700.0,23129.0,No
100266,23.0,105976.0,Bangalore,Graduate,0.0,Business,661.0,69743.0,No
100077,36.0,77170.0,hyderabad,Diploma,10.0,Contract,805.0,26957.0,No
101669,43.0,50864.0,Chennai,Graduate,21.0,Contract,609.0,22806.0,Yes
100447,39.0,64661.0,Mumbai,Graduate,16.0,Salaried,585.0,43246.0,Yes
100398,49.0,31663.0,Kolkata,Postgraduate,,Salaried,788.0,9987.0,No
100178,50.0,60882.0,Bangalore,Graduate,31.0,Contract,647.0,15121.0,No
101047,42.0,104045.0,Delhi,Graduate,23.0,Salaried,671.0,76680.0,No
101747,45.0,16609.0,Chennai,Graduate,21.0,Self-Employed,771.0,,No
101410,32.0,169543.0,Mumbai,Graduate,10.0,Unemployed,774.0,112772.0,No
101389,35.0,88344.0,Hyderabad,Diploma,15.0,Self-Employed,562.0,16926.0,Yes
100599,31.0,106418.0,Hyderabad,Graduate,13.0,Salaried,766.0,91061.0,No
100063,24.0,68176.0,Mumbai,Postgraduate,4.0,Salaried,645.0,56667.0,No
101304,27.0,31286.0,Bangalore,Graduate,9.0,Salaried,670.0,25454.0,No
100877,30.0,32860.0,Chennai,12th,10.0,Salaried,,23587.0,No
101499,45.0,49730.0,Mumbai,Postgraduate,21.0,Salaried,668.0,49381.0,No
101890,35.0,87761.0,Bangalore,Graduate,16.0,Unemployed,719.0,56782.0,No
100280,31.0,70935.0,Delhi,10th,7.0,Salaried,686.0,17491.0,No
100037,37.0,68249.0,Chennai,Graduate,18.0,Salaried,723.0,51961.0,No
101988,,40684.0,Chennai,Graduate,21.0,,606.0,5829.0,No
100666,36.0,25930.0,pune,Graduate,18.0,Business,705.0,27366.0,No
101966,36.0,67158.0,Chennai,Graduate,13.0,Salaried,640.0,76444.0,No
101454,61.0,40407.0,Pune,Graduate,34.0,Self-Employed,604.0,12110.0,Yes
100982,39.0,110734.0,Jaipur,12th,12.0,Business,850.0,43115.0,No
101582,46.0,114385.0,Delhi,Diploma,23.0,Self-Employed,659.0,37474.0,No
100742,22.0,70962.0,Delhi,Graduate,0.0,Contract,751.0,44763.0,No
100193,37.0,167453.0,Mumbai,Postgraduate,13.0,Unemployed,701.0,141673.0,No
100924,28.0,53092.0,Hyderabad,12th,2.0,Salaried,711.0,36743.0,No
100460,23.0,71303.0,Chennai,12th,0.0,Self-Employed,714.0,48658.0,No
100679,44.0,57961.0,Jaipur,Postgraduate,26.0,Business,716.0,20912.0,No
100764,34.0,38860.0,Bangalore,Graduate,15.0,Unemployed,762.0,14938.0,No
101819,33.0,44195.0,Delhi,Graduate,,Salaried,766.0,16199.0,No
101613,44.0,49841.0,Chennai,12th,26.0,Business,711.0,51142.0,No
100732,25.0,138947.0,Hyderabad,Postgraduate,5.0,Salaried,706.0,,No
100415,38.0,96259.0,Mumbai,Graduate,19.0,Self-Employed,752.0,101131.0,No
101104,34.0,99104.0,Delhi,Graduate,8.0,Business,763.0,115706.0,No
100830,32.0,44959.0,Chennai,Diploma,6.0,Salaried,596.0,40404.0,No
101651,41.0,68838.0,Delhi,10th,17.0,Salaried,760.0,44008.0,No
100620,37.0,122491.0,Jaipur,Graduate,18.0,Salaried,750.0,58484.0,No
100116,38.0,,Bangalore,Diploma,17.0,Business,771.0,16109.0,No
100420,36.0,26517.0,Pune,10th,10.0,Salaried,742.0,6178.0,No
101922,42.0,62219.0,Mumbai,Postgraduate,20.0,Salaried,663.0,64803.0,No
100974,28.0,164077.0,Mumbai,Postgraduate,8.0,Contract,669.0,92442.0,No
100608,23.0,16351.0,Chennai,Graduate,1.0,Salaried,719.0,1000.0,No
101930,55.0,60466.0,Pune,Postgraduate,37.0,Salaried,597.0,51336.0,No
100091,36.0,65828.0,Bangalore,Graduate,17.0,,778.0,9870.0,No
100853,29.0,29954.0,Jaipur,Postgraduate,6.0,Business,754.0,24736.0,No
101530,24.0,30849.0,Chennai,Graduate,0.0,Salaried,703.0,4112.0,No
101929,46.0,28751.0,Hyderabad,Postgraduate,26.0,,837.0,5804.0,No
100757,40.0,61228.0,Bangalore,Postgraduate,17.0,Salaried,666.0,27226.0,No
100502,54.0,93675.0,delhi,Graduate,33.0,Salaried,646.0,2500000.0,No
101283,42.0,16836.0,Hyderabad,Graduate,24.0,Business,712.0,12111.0,No
101333,33.0,131861.0,Mumbai,Graduate,6.0,Salaried,735.0,133473.0,No
100012,30.0,36156.0,Kolkata,Graduate,5.0,Unemployed,709.0,10971.0,No
100399,34.0,61641.0,Kolkata,Graduate,14.0,Salaried,661.0,73138.0,No
100286,18.0,70914.0,Chennai,Postgraduate,0.0,Salaried,653.0,70519.0,Yes
101071,35.0,27363.0,Pune,12th,11.0,Salaried,745.0,29185.0,No
101197,35.0,81396.0,Bangalore,12th,12.0,Contract,805.0,35586.0,No
101756,49.0,18624.0,Delhi,Postgraduate,30.0,Business,780.0,4962.0,No
100694,41.0,51078.0,Bangalore,Graduate,16.0,Salaried,670.0,46948.0,No
101764,,86499.0,Mumbai,10th,0.0,Self-Employed,657.0,67292.0,No
101887,27.0,,Hyderabad,Graduate,9.0,Salaried,776.0,10221.0,No
100693,24.0,53824.0,Bangalore,Graduate,0.0,Contract,788.0,56615.0,No
100856,29.0,41474.0,Hyderabad,Graduate,8.0,Business,724.0,43692.0,No
100161,25.0,29845.0,Hyderabad,Postgraduate,5.0,Salaried,697.0,15788.0,No
100900,27.0,64416.0,Hyderabad,Diploma,1.0,Self-Employed,738.0,,No
101586,42.0,27002.0,Mumbai,12th,24.0,Salaried,693.0,12149.0,No
100259,39.0,13132.0,Hyderabad,Postgraduate,13.0,Salaried,,11148.0,No
100337,,72436.0,Chennai,Graduate,5.0,Contract,645.0,59565.0,No
101891,40.0,80512.0,Pune,Diploma,14.0,Salaried,688.0,12797.0,No
101044,35.0,62218.0,Hyderabad,Diploma,17.0,Contract,731.0,85482.0,No
100519,36.0,48470.0,Bangalore,Postgraduate,10.0,Salaried,803.0,25792.0,No
101357,30.0,57429.0,Bangalore,12th,10.0,Salaried,674.0,49963.0,No
101020,,74499.0,Hyderabad,12th,19.0,Salaried,713.0,73894.0,No
100772,29.0,36478.0,Hyderabad,Postgraduate,11.0,Contract,771.0,31244.0,No
101758,45.0,,Hyderabad,12th,18.0,Salaried,769.0,203535.0,No
100765,46.0,63217.0,Hyderabad,12th,23.0,Salaried,,11252.0,No
101252,43.0,64801.0,Pune,Postgraduate,16.0,Self-Employed,540.0,91061.0,Yes
101209,,90247.0,Mumbai,Diploma,1.0,Self-Employed,667.0,108621.0,No
101477,34.0,94173.0,Pune,Postgraduate,15.0,Contract,830.0,103333.0,No
101996,46.0,55868.0,Bangalore,Graduate,,Salaried,630.0,20363.0,No
100525,27.0,91316.0,Kolkata,12th,0.0,Contract,712.0,50217.0,No
100023,36.0,116244.0,Bangalore, Postgraduate,9.0,Contract,732.0,80511.0,No
100359,38.0,20706.0,Pune,10th,19.0,Business,651.0,1000.0,No
101284,45.0,89067.0,Pune,Postgraduate,25.0,Business,601.0,52033.0,Yes
101320,33.0,197030.0,Kolkata,Diploma,10.0,Salaried,664.0,68058.0,No
101694,22.0,98385.0,,Postgraduate,4.0,Salaried,719.0,113367.0,No
100343,37.0,72092.0,Delhi,Graduate,15.0,Salaried,731.0,46863.0,No
100434,42.0,49971.0,Hyderabad,Graduate,21.0,Salaried,610.0,2891.0,No
100477,41.0,48441.0,Hyderabad,Graduate,21.0,Salaried,729.0,42903.0,No
100219,,174545.0,Bangalore,10th,11.0,Salaried,750.0,34463.0,No
100916,38.0,152029.0,Chennai,Graduate,11.0,Salaried,626.0,72086.0,No
101233,34.0,30519.0,Bangalore,Diploma,9.0,Business,749.0,1000.0,No
101607,36.0,35817.0,Pune,Diploma,10.0,Salaried,607.0,6297.0,Yes
101016,37.0,,Bangalore,Postgraduate,11.0,Unemployed,665.0,89455.0,No
101962,38.0,155567.0,Pune,Graduate,14.0,Business,658.0,92708.0,No
100095,31.0,97402.0,Hyderabad,Diploma,,Self-Employed,788.0,107848.0,No
101013,56.0,27096.0,Chennai,Postgraduate,37.0,,782.0,9453.0,No
101076,30.0,149496.0,Mumbai,Graduate,4.0,Self-Employed,850.0,180270.0,No
101098,18.0,75814.0,Kolkata,Graduate,0.0,Business,850.0,58217.0,No
101926,26.0,45710.0,Delhi,10th,1.0,Self-Employed,772.0,52078.0,No
101316,22.0,69157.0,Delhi,Graduate,0.0,Salaried,708.0,40661.0,No
100700,33.0,114234.0,Kolkata,Graduate,8.0,Salaried,831.0,17868.0,No
101839,35.0,32295.0,Delhi,12th,16.0,Salaried,752.0,35637.0,No
101001,49.0,19260.0,Hyderabad,Postgraduate,29.0,Business,744.0,22578.0,No
100155,38.0,27502.0,Hyderabad,Postgraduate,16.0,Salaried,713.0,20916.0,No
101105,46.0,36820.0,Hyderabad,Postgraduate,25.0,Self-Employed,761.0,22877.0,No
101730,53.0,15386.0,Jaipur,Graduate,32.0,Contract,678.0,2949.0,No
100453,25.0,53005.0,Jaipur,Graduate,7.0,Business,768.0,57177.0,No
100794,22.0,33038.0,Hyderabad,12th,3.0,Salaried,699.0,15991.0,No
100584,58.0,107802.0,Jaipur,Postgraduate,40.0,Salaried,753.0,78088.0,No
100707,22.0,59562.0,Pune,Graduate,0.0,Business,671.0,50046.0,No
101218,38.0,41218.0,hyderabad,10th,17.0,Business,650.0,27988.0,No
101303,33.0,61959.0,Hyderabad,Diploma,13.0,Contract,777.0,4757.0,No
101677,47.0,57259.0,Jaipur, Graduate,,Salaried,653.0,53074.0,No
101266,21.0,159973.0,Delhi,Graduate,0.0,Salaried,563.0,129355.0,Yes
100491,35.0,54583.0,Pune,Diploma,13.0,Contract,676.0,30923.0,No
100563,44.0,33061.0,Delhi,Graduate,23.0,Salaried,679.0,21968.0,No
101147,24.0,37268.0,Mumbai,Graduate,6.0,Business,615.0,16306.0,Yes
101125,,50941.0,Bangalore,Diploma,32.0,Contract,577.0,19771.0,Yes
100806,32.0,20705.0,Delhi,Graduate,5.0,Unemployed,604.0,14524.0,Yes
100516,43.0,65869.0,Mumbai,Diploma,25.0,Salaried,563.0,41018.0,Yes
100637,43.0,61080.0,Hyderabad,Graduate,21.0,Salaried,742.0,28212.0,No
101933,30.0,89609.0,Jaipur,Graduate,3.0,Self-Employed,714.0,23050.0,No
101799,46.0,31848.0,Hyderabad,Diploma,21.0,Salaried,850.0,23427.0,No
101556,39.0,54032.0,Hyderabad,Diploma,14.0,Salaried,648.0,1000.0,No
101156,45.0,22424.0,Bangalore,Graduate,24.0,Business,806.0,1000.0,No
100795,24.0,54057.0,Hyderabad,Graduate,6.0,Business,675.0,18024.0,No
100118,23.0,31831.0,Jaipur,Graduate,1.0,Business,658.0,15783.0,No
100744,35.0,74762.0,Bangalore,Graduate,9.0,Salaried,783.0,52409.0,No
101702,40.0,122275.0,Bangalore,Graduate,17.0,Salaried,1100.0,47280.0,No
101087,45.0,53315.0,Bangalore,Graduate,26.0,Salaried,561.0,13851.0,Yes
100835,35.0,48109.0,Mumbai,Graduate,17.0,Salaried,797.0,30788.0,No
100121,43.0,207322.0,Kolkata,Diploma,25.0,Salaried,722.0,107468.0,No
100660,34.0,74561.0,Delhi,Graduate,11.0,Contract,711.0,33962.0,No
101919,33.0,92722.0,Bangalore,Graduate,8.0,Self-Employed,622.0,62452.0,No
100639,22.0,31170.0,Delhi,10th,0.0,Salaried,610.0,9001.0,Yes
100372,40.0,40682.0,Delhi,Graduate,15.0,Unemployed,742.0,29353.0,No
100270,36.0,52588.0,Mumbai,Diploma,14.0,Self-Employed,697.0,58320.0,No
100659,37.0,,Kolkata,Postgraduate,18.0,Salaried,659.0,64302.0,No
100940,29.0,44322.0,Jaipur,Graduate,10.0,Contract,722.0,34691.0,No
100827,51.0,109194.0,Kolkata,Postgraduate,31.0,Salaried,790.0,90734.0,No
100871,33.0,38738.0,Kolkata,Graduate,6.0,Salaried,752.0,22084.0,No
100047,30.0,55006.0,Bangalore,Graduate,5.0,Contract,661.0,22208.0,No
101382,30.0,105862.0,Delhi,10th,6.0,Contract,711.0,40654.0,No
101720,31.0,51876.0,Kolkata,Postgraduate,12.0,Salaried,750.0,55028.0,No
100996,32.0,57394.0,Kolkata,Graduate,13.0,Salaried,649.0,56261.0,No
100881,60.0,16060.0,DELHI,Graduate,41.0,Business,606.0,19714.0,Yes
100778,33.0,48159.0,Delhi,,13.0,,567.0,5728.0,Yes
101225,33.0,64289.0,Hyderabad,Postgraduate,8.0,Business,558.0,8224.0,Yes
101817,18.0,44558.0,Kolkata,Graduate,,Business,821.0,27411.0,No
100005,33.0,19411.0,Bangalore,Graduate,8.0,Salaried,652.0,32697.0,No
101008,41.0,23484.0,Delhi,Graduate,21.0,Salaried,685.0,22898.0,No
101735,43.0,85079.0,Delhi,Postgraduate,21.0,Unemployed,624.0,109358.0,Yes
100265,32.0,79954.0,Chennai,Graduate,8.0,Self-Employed,723.0,87706.0,No
101580,27.0,30597.0,Delhi,Postgraduate,4.0,Salaried,620.0,36637.0,Yes
101842,18.0,37224.0,Hyderabad,10th,0.0,Salaried,725.0,21475.0,No
100446,42.0,63577.0,Pune,Diploma,15.0,Salaried,698.0,86167.0,No
101007,44.0,71855.0,Hyderabad,Postgraduate,19.0,Contract,729.0,58713.0,No
101083,32.0,18643.0,Hyderabad,Diploma,6.0,Salaried,648.0,8367.0,No
100842,42.0,23883.0,Hyderabad,Graduate,20.0,Self-Employed,743.0,25565.0,No
101802,34.0,22810.0,Delhi,Graduate,10.0,Salaried,751.0,4775.0,No
100306,36.0,304231.0,Hyderabad,Graduate,9.0,Unemployed,50.0,96224.0,No
101374,19.0,148605.0,Delhi,Diploma,0.0,Contract,643.0,83120.0,No
101568,40.0,99306.0,,10th,19.0,Contract,734.0,96660.0,No
100315,48.0,79328.0,Kolkata,Graduate,26.0,Self-Employed,626.0,9304.0,No
100151,38.0,49930.0,Kolkata,Graduate,14.0,Contract,644.0,25478.0,No
101154,22.0,44754.0,Mumbai,Diploma,0.0,Contract,602.0,,Yes
101219,27.0,36705.0,Bangalore,12th,5.0,Salaried,704.0,16900.0,No
100578,43.0,95164.0,Chennai,Postgraduate,17.0,Salaried,787.0,95904.0,No
100051,38.0,86586.0,Delhi,Graduate,14.0,Contract,,98794.0,No
101563,18.0,16492.0,Delhi,Diploma,0.0,Unemployed,,37708.0,No
100730,27.0,42115.0,Chennai,Diploma,2.0,Self-Employed,632.0,14219.0,No
100838,25.0,134506.0,Delhi,Postgraduate,2.0,Salaried,679.0,26600.0,No
101386,38.0,40333.0,Bangalore,Postgraduate,18.0,Business,731.0,29998.0,No
101121,46.0,42156.0,Bangalore,Graduate,20.0,Salaried,640.0,19899.0,No
101172,38.0,76851.0,Chennai,Graduate,14.0,Business,709.0,,No
100474,49.0,25733.0,Hyderabad,Diploma,26.0,Salaried,629.0,1000.0,No
100976,18.0,58294.0,Chennai,Graduate,0.0,Business,604.0,31263.0,No
100657,35.0,30168.0,Delhi,Graduate,9.0,Contract,697.0,41652.0,No
100402,29.0,60618.0,Kolkata,Postgraduate,7.0,Salaried,537.0,14545.0,Yes
100515,29.0,51333.0,Mumbai,Postgraduate,4.0,Business,642.0,78103.0,No
100322,41.0,84415.0,Pune,Graduate,23.0,Contract,786.0,77232.0,No
100020,21.0,27820.0,Hyderabad,12th,0.0,Self-Employed,704.0,24807.0,No
100688,31.0,23636.0,Chennai,Graduate,8.0,Business,595.0,,Yes
100036,23.0,250923.0,Hyderabad,Postgraduate,4.0,Salaried,611.0,87343.0,No
100907,21.0,43747.0,Delhi,Graduate,0.0,Salaried,592.0,25769.0,Yes
101790,48.0,112633.0,Delhi,Diploma,,Self-Employed,568.0,26888.0,Yes
100832,26.0,33078.0,Delhi,12th,0.0,Contract,704.0,34671.0,No
101865,48.0,44827.0,Bangalore,Graduate,24.0,Salaried,805.0,31818.0,No
100410,40.0,29247.0,Chennai,Postgraduate,16.0,Salaried,629.0,27122.0,Yes
100925,47.0,57847.0,Bangalore,Postgraduate,24.0,Salaried,626.0,35213.0,Yes
100541,43.0,37228.0,Pune,12th,25.0,Salaried,727.0,44348.0,No
100762,36.0,35338.0,Delhi,Postgraduate,17.0,Salaried,649.0,19470.0,No
101916,30.0,52291.0,Hyderabad,Graduate,6.0,Salaried,547.0,38769.0,Yes
101067,22.0,144394.0,Delhi,12th,2.0,Self-Employed,816.0,46649.0,No
101205,35.0,32575.0,Delhi,Graduate,15.0,,781.0,18114.0,No
100247,30.0,33549.0,Chennai,Postgraduate,8.0,Salaried,703.0,15924.0,No
101425,,20708.0,Pune,Graduate,6.0,Salaried,710.0,14878.0,No
101133,51.0,21225.0,Mumbai,Postgraduate,31.0,Salaried,588.0,20248.0,Yes
100789,34.0,42797.0,Bangalore,10th,9.0,Self-Employed,623.0,,No
101754,18.0,42983.0,Chennai,Postgraduate,0.0,Unemployed,716.0,29312.0,No
100493,36.0,41935.0,Delhi,Graduate,10.0,Salaried,570.0,18108.0,Yes
100156,28.0,39187.0,Hyderabad,Postgraduate,8.0,Business,656.0,50140.0,No
100966,49.0,47702.0,Mumbai,Graduate,23.0,Salaried,625.0,7361.0,No
100858,40.0,48451.0,Hyderabad,Postgraduate,16.0,Salaried,679.0,36176.0,No
101319,29.0,101937.0,Kolkata,Graduate,8.0,Salaried,699.0,51858.0,No
100629,36.0,43106.0,Hyderabad,Diploma,15.0,Salaried,627.0,42149.0,Yes
100689,42.0,83393.0,Delhi,10th,15.0,Self-Employed,695.0,95983.0,No
101572,22.0,113174.0,Kolkata,Postgraduate,0.0,Business,666.0,135128.0,No
100573,38.0,46642.0,Jaipur,Graduate,15.0,Unemployed,660.0,31899.0,No
101920,30.0,53232.0,Mumbai,Diploma,9.0,Self-Employed,658.0,59959.0,No
100018,38.0,18269.0,Bangalore,Graduate,11.0,Self-Employed,767.0,1000.0,No
100129,36.0,81515.0,Bangalore,Graduate,10.0,Self-Employed,673.0,87598.0,No
101355,29.0,39676.0,Kolkata,10th,9.0,Contract,687.0,25814.0,No
101286,22.0,125740.0,Hyderabad,Postgraduate,2.0,Salaried,748.0,44552.0,No
101981,25.0,116366.0,Bangalore,12th,5.0,Self-Employed,711.0,121322.0,No
100932,54.0,42811.0,Delhi,Postgraduate,35.0,Contract,746.0,28636.0,No
100985,35.0,22135.0,Hyderabad,Postgraduate,16.0,Salaried,742.0,21935.0,No
101977,46.0,72658.0,Kolkata,Postgraduate,21.0,Business,716.0,30756.0,No
100192,44.0,70918.0,Jaipur,12th,26.0,Salaried,761.0,37365.0,No
101145,33.0,69761.0,Mumbai,Graduate,11.0,Unemployed,690.0,47174.0,No
100997,53.0,63377.0,Chennai,12th,28.0,Business,621.0,50776.0,No
101968,33.0,19453.0,Pune,12th,10.0,Salaried,811.0,1000.0,No
101668,30.0,76101.0,Bangalore,Diploma,8.0,Unemployed,705.0,15940.0,No
100610,50.0,110887.0,Pune,Graduate,29.0,Unemployed,649.0,115590.0,No
100182,26.0,45184.0,Bangalore,Postgraduate,7.0,Business,708.0,5621.0,No
100303,42.0,44529.0,Mumbai,Diploma,16.0,Salaried,696.0,14875.0,No
100500,21.0,66311.0,Hyderabad,Postgraduate,1.0,Salaried,667.0,45760.0,No
101732,32.0,34877.0,Pune,Diploma,5.0,Business,50.0,27994.0,No
101721,40.0,95098.0,Pune,Diploma,17.0,Business,618.0,53858.0,Yes
101899,41.0,69649.0,Hyderabad,Graduate,18.0,Salaried,839.0,24816.0,No
100146,,124806.0,Bangalore,Graduate,16.0,Salaried,667.0,68345.0,No
100521,18.0,60564.0,Delhi,Graduate,0.0,Salaried,743.0,30284.0,No
101997,35.0,17541.0,Jaipur,Diploma,10.0,Salaried,657.0,1000.0,No
101075,45.0,36751.0,Pune,Postgraduate,23.0,Self-Employed,669.0,41117.0,No
100480,46.0,80515.0,Mumbai,Graduate,22.0,Salaried,609.0,37568.0,Yes
100159,23.0,111301.0,Mumbai,Graduate,0.0,Self-Employed,744.0,41603.0,No
101249,37.0,62382.0,Delhi,Graduate,18.0,Unemployed,761.0,52849.0,No
101201,135.0,60897.0,Chennai,Graduate,18.0,Contract,494.0,5030.0,Yes
100017,25.0,47553.0,Pune,Graduate,4.0,Salaried,689.0,4483.0,No
101546,40.0,65337.0,Mumbai,Graduate,22.0,Self-Employed,675.0,77306.0,No
101078,31.0,74553.0,Hyderabad,Postgraduate,9.0,Salaried,703.0,16647.0,No
101984,44.0,29648.0,Chennai,Graduate,23.0,Self-Employed,796.0,27795.0,No
100550,29.0,173465.0,Hyderabad,Graduate,5.0,Self-Employed,671.0,198037.0,No
101550,47.0,53927.0,Hyderabad,Graduate,29.0,Self-Employed,819.0,47278.0,No
100662,30.0,33617.0,Jaipur,Graduate,11.0,Salaried,819.0,25750.0,No
101637,25.0,45641.0,Kolkata,Postgraduate,0.0,Salaried,738.0,42836.0,No
101024,56.0,103749.0,Delhi,Graduate,29.0,Self-Employed,608.0,124570.0,Yes
101674,26.0,86351.0,Jaipur,Graduate,6.0,Contract,809.0,19992.0,No
101514,18.0,21034.0,Delhi,Graduate,0.0,Salaried,646.0,15234.0,No
100964,,30760.0,Hyderabad,Postgraduate,15.0,Salaried,761.0,36305.0,No
101893,31.0,35423.0,jaipur,Graduate,7.0,Salaried,738.0,18451.0,No
100285,56.0,42602.0,Hyderabad,12th,38.0,Self-Employed,677.0,26398.0,No
100802,30.0,,Hyderabad,Graduate,11.0,Contract,635.0,185115.0,No
101638,39.0,67415.0,Delhi,Graduate,21.0,Salaried,714.0,33534.0,No
100227,36.0,120075.0,Mumbai,12th,16.0,Salaried,745.0,46724.0,No
100027,23.0,148060.0,Chennai,12th,4.0,Business,725.0,159043.0,No
101782,34.0,45954.0,Delhi,Postgraduate,8.0,Business,588.0,47735.0,Yes
100440,34.0,22731.0,Kolkata,Postgraduate,16.0,Self-Employed,714.0,5526.0,No
101961,34.0,36779.0,Pune,Diploma,10.0,Business,621.0,39410.0,No
101397,22.0,72632.0,Kolkata,12th,2.0,Salaried,621.0,79768.0,No
100231,28.0,37743.0,Mumbai,Postgraduate,9.0,Self-Employed,730.0,19796.0,No
100038,18.0,41571.0,Bangalore,Graduate,0.0,Business,769.0,42363.0,No
100753,25.0,42570.0,Delhi,Graduate,2.0,Salaried,754.0,21346.0,No
101050,49.0,106253.0,Hyderabad,Graduate,30.0,Business,646.0,128891.0,No
101407,21.0,80036.0,Hyderabad,Postgraduate,0.0,Salaried,630.0,17848.0,No
100473,20.0,35696.0,Delhi,Graduate,0.0,Salaried,646.0,28950.0,No
101704,46.0,34710.0,Hyderabad,Diploma,24.0,Salaried,737.0,39794.0,No
101980,39.0,30877.0,Delhi,Graduate,16.0,Contract,663.0,19814.0,No
100691,31.0,31442.0,Mumbai,Graduate,8.0,Business,783.0,44787.0,No
101855,45.0,44984.0,Kolkata,Diploma,26.0,Business,656.0,20077.0,No
100643,32.0,34506.0,Delhi,12th,14.0,,613.0,11573.0,No
101724,41.0,20590.0,Chennai,Postgraduate,15.0,Salaried,640.0,1000.0,No
101224,39.0,80616.0,Mumbai,Graduate,14.0,Contract,723.0,56773.0,No
101164,19.0,37536.0,Chennai,Diploma,0.0,Salaried,670.0,37254.0,No
101424,27.0,69224.0,Hyderabad,Diploma,8.0,Salaried,630.0,40467.0,No
101538,30.0,35181.0,Kolkata,12th,11.0,Salaried,623.0,,Yes
101667,25.0,82236.0,Hyderabad,Graduate,1.0,Salaried,710.0,64740.0,No
101308,35.0,67104.0,Kolkata,Graduate,17.0,Salaried,704.0,52168.0,No
101834,38.0,25146.0,Hyderabad,Postgraduate,14.0,Salaried,730.0,13030.0,No
100805,31.0,52187.0,Pune, Diploma,5.0,Salaried,706.0,29074.0,No
101614,34.0,68377.0,Chennai,Graduate,16.0,Self-Employed,797.0,38756.0,No
100162,43.0,62986.0,,Graduate,20.0,Business,737.0,52647.0,No
100961,41.0,34948.0,Mumbai,Graduate,19.0,Business,837.0,13354.0,No
101192,22.0,81378.0,Pune,Graduate,3.0,Contract,685.0,90069.0,No
100826,50.0,140413.0,Hyderabad,Graduate,25.0,Salaried,850.0,32865.0,No
101693,44.0,107484.0,Hyderabad,Graduate,17.0,Salaried,657.0,,No
100882,30.0,17132.0,Chennai,Graduate,9.0,Contract,646.0,12500.0,No
100918,37.0,79447.0,Mumbai,Graduate,10.0,Self-Employed,755.0,47642.0,No
100154,37.0,62441.0,Mumbai,10th,12.0,Salaried,785.0,45810.0,No
101882,51.0,60575.0,Mumbai,Graduate,24.0,Self-Employed,640.0,38253.0,No
101788,27.0,33800.0,Chennai,Graduate,2.0,Self-Employed,624.0,21126.0,No
100513,33.0,74382.0,Mumbai,Diploma,15.0,Contract,669.0,50091.0,No
101141,32.0,87624.0,Delhi,Graduate,13.0,Salaried,691.0,83082.0,No
101256,23.0,59667.0,Hyderabad,Diploma,0.0,Salaried,,69852.0,No
101695,36.0,88858.0,Pune,Graduate,17.0,Salaried,682.0,50661.0,No
100105,33.0,28593.0,Chennai,Graduate,11.0,Salaried,776.0,9660.0,No
101455,41.0,10981.0,Mumbai,Graduate,21.0,Business,538.0,10418.0,Yes
101452,52.0,27578.0,Mumbai,Graduate,33.0,Salaried,672.0,32032.0,No
100590,26.0,53112.0,BANGALORE,Postgraduate,3.0,Contract,735.0,59702.0,No
101780,120.0,52457.0,Mumbai,Graduate,5.0,Contract,583.0,74421.0,Yes
101149,51.0,51752.0,Pune,Postgraduate,24.0,Business,762.0,46406.0,No
100054,41.0,46539.0,Chennai,Graduate,22.0,Salaried,660.0,60722.0,No
100153,28.0,55635.0,Pune,Graduate,2.0,Salaried,729.0,27722.0,No
100406,41.0,114960.0,Hyderabad,Graduate,17.0,Salaried,822.0,148577.0,No
101955,29.0,39964.0,Delhi,Postgraduate,10.0,Salaried,679.0,7942.0,No
100209,40.0,46300.0,Chennai,Graduate,19.0,Salaried,594.0,43935.0,Yes
101906,39.0,46073.0,Chennai,Graduate,18.0,Self-Employed,668.0,40888.0,No
101128,27.0,113568.0,Jaipur,Graduate,8.0,Salaried,630.0,35794.0,No
101902,32.0,51203.0,Delhi,Postgraduate,8.0,Salaried,704.0,5482.0,No
100009,30.0,79037.0,Mumbai,Graduate,8.0,Business,739.0,68094.0,No
101019,32.0,42914.0,Hyderabad,Graduate,10.0,Salaried,675.0,28997.0,No
101918,29.0,74359.0,Jaipur,Graduate,11.0,Salaried,666.0,10324.0,No
101065,31.0,23912.0,Hyderabad,Postgraduate,4.0,Unemployed,653.0,28053.0,No
100456,27.0,124626.0,Pune,Postgraduate,1.0,Salaried,660.0,79626.0,No
100255,20.0,27619.0,Pune,Graduate,0.0,Business,734.0,1000.0,No
101335,36.0,118761.0,Mumbai,12th,9.0,Contract,756.0,33115.0,No
100901,39.0,53640.0,Chennai,Postgraduate,13.0,Self-Employed,719.0,20592.0,No
101745,26.0,31817.0,Bangalore,Postgraduate,5.0,Salaried,710.0,18885.0,No
100885,42.0,12136.0,Delhi,10th,22.0,Salaried,742.0,9864.0,No
101606,25.0,35600.0,Delhi,Graduate,0.0,Self-Employed,623.0,46794.0,No
101900,32.0,67771.0,Mumbai,Graduate,6.0,Self-Employed,651.0,29251.0,No
100627,25.0,119008.0,Mumbai,Graduate,5.0,Salaried,686.0,95410.0,No
100348,21.0,34220.0,Pune,Graduate,2.0,Business,544.0,19366.0,Yes
101714,43.0,17020.0,Jaipur,Graduate,,Contract,655.0,23999.0,No
100264,25.0,30516.0,,Graduate,3.0,Self-Employed,690.0,5076.0,No
101646,39.0,29803.0,Delhi,Diploma,14.0,Self-Employed,668.0,28967.0,Yes
101329,23.0,30164.0,,Diploma,0.0,Self-Employed,734.0,17224.0,No
101447,30.0,51728.0,Kolkata,Diploma,4.0,Salaried,759.0,8669.0,No
100152,38.0,137159.0,Bangalore,Graduate,13.0,Contract,671.0,100894.0,No
100476,33.0,81793.0,Delhi,Graduate,6.0,Unemployed,770.0,48544.0,No
100644,20.0,38424.0,Hyderabad,Postgraduate,0.0,Salaried,677.0,15654.0,No
101995,39.0,17664.0,Kolkata,Graduate,13.0,Self-Employed,695.0,7142.0,No
101894,34.0,19258.0,Hyderabad,Postgraduate,13.0,Unemployed,638.0,1000.0,No
100554,38.0,68144.0,Hyderabad,Postgraduate,11.0,Contract,714.0,72121.0,No
101791,18.0,75923.0,Hyderabad,12th,0.0,Salaried,757.0,45078.0,No
100933,21.0,33725.0,Hyderabad,Graduate,0.0,Business,697.0,7803.0,No
100492,50.0,37637.0,Hyderabad,12th,,Salaried,661.0,23374.0,No
101823,33.0,53659.0,Delhi,Graduate,6.0,Unemployed,737.0,,No
101177,18.0,24547.0,Pune,Graduate,0.0,Self-Employed,652.0,32732.0,No
100148,22.0,34871.0,Pune,Postgraduate,1.0,Self-Employed,612.0,11786.0,No
101716,34.0,50418.0,Pune,Diploma,11.0,Self-Employed,701.0,31169.0,No
101940,36.0,35960.0,Mumbai,Postgraduate,10.0,Salaried,678.0,9143.0,No
100405,30.0,,Bangalore,Graduate,3.0,Salaried,724.0,120029.0,No
100959,41.0,102712.0,Chennai,12th,22.0,Salaried,631.0,92917.0,No
101889,30.0,59502.0,Delhi,12th,10.0,Contract,741.0,69715.0,No
100663,35.0,76387.0,Chennai,Graduate,14.0,Salaried,580.0,53592.0,Yes
101381,42.0,180931.0,Mumbai,Graduate,23.0,Contract,630.0,126396.0,No
100467,41.0,36145.0,Hyderabad,Graduate,22.0,Unemployed,660.0,7419.0,No
101358,39.0,17056.0,Jaipur,12th,21.0,Salaried,717.0,22129.0,No
100188,34.0,47497.0,Mumbai,Graduate,13.0,Self-Employed,734.0,13264.0,No
101153,29.0,11117.0,Pune,Graduate,11.0,Salaried,698.0,1000.0,No
101230,57.0,53832.0,Pune,Graduate,30.0,Business,755.0,34795.0,No
100612,34.0,29418.0,Hyderabad,Postgraduate,7.0,Salaried,658.0,2121.0,No
100145,38.0,48646.0,Bangalore,Graduate,11.0,Salaried,621.0,27844.0,Yes
100755,26.0,52808.0,Hyderabad,Diploma,3.0,Salaried,760.0,39632.0,No
101545,29.0,117261.0,Hyderabad,Postgraduate,6.0,Salaried,708.0,42161.0,No
100986,23.0,32437.0,Delhi,12th,0.0,Business,808.0,18588.0,No
100199,36.0,,Pune,Graduate,13.0,Salaried,661.0,13433.0,No
101645,24.0,35208.0,Hyderabad,Postgraduate,0.0,Business,645.0,25357.0,Yes
100888,31.0,118028.0,Chennai,Graduate,4.0,Salaried,731.0,34565.0,No
100281,36.0,21288.0,Bangalore,Postgraduate,14.0,Salaried,694.0,13704.0,No
100295,39.0,34834.0,Bangalore,Diploma,21.0,Salaried,661.0,39312.0,No
101835,29.0,32258.0,Hyderabad,12th,4.0,Salaried,731.0,,No
100403,35.0,40718.0,Mumbai,10th,17.0,Unemployed,724.0,47949.0,No
100124,21.0,47596.0,Bangalore,Graduate,0.0,Contract,697.0,36285.0,No
101213,28.0,137594.0,Hyderabad,Graduate,4.0,Contract,655.0,89216.0,No
100204,46.0,27005.0,Bangalore,Graduate,22.0,Salaried,657.0,30672.0,No
101472,29.0,52607.0,Bangalore,Postgraduate,4.0,Unemployed,741.0,68217.0,No
100840,33.0,50393.0,Hyderabad,Graduate,12.0,Unemployed,,31830.0,No
100248,28.0,26461.0,Hyderabad,Graduate,10.0,Self-Employed,652.0,4176.0,No
101448,41.0,35325.0,Pune,Graduate,16.0,Business,670.0,17537.0,No
101765,33.0,62271.0,Chennai,Postgraduate,7.0,Self-Employed,733.0,30328.0,No
101913,41.0,95827.0,Jaipur,Graduate,15.0,Business,552.0,118450.0,Yes
101719,42.0,49776.0,Mumbai,Postgraduate,22.0,Salaried,721.0,54890.0,No
101892,,75773.0,Bangalore,12th,17.0,Salaried,692.0,51336.0,No
101159,45.0,114215.0,Hyderabad,12th,26.0,Business,669.0,121255.0,No
101673,31.0,29332.0,Bangalore,Graduate,5.0,Salaried,850.0,30748.0,No
101435,33.0,191938.0,Delhi,Graduate,8.0,Salaried,650.0,110865.0,No
100387,38.0,48454.0,Delhi,Graduate,18.0,Business,712.0,27555.0,No
101770,41.0,40578.0,Pune,Postgraduate,23.0,Self-Employed,593.0,43713.0,Yes
100859,29.0,105234.0, Bangalore,Postgraduate,6.0,Unemployed,631.0,35121.0,No
101600,28.0,48532.0,Kolkata,Graduate,8.0,Self-Employed,636.0,31461.0,No
100221,58.0,45162.0,Jaipur,Postgraduate,33.0,Salaried,651.0,42257.0,No
100645,33.0,30206.0,Hyderabad,12th,13.0,Business,688.0,36824.0,No
100002,34.0,,Pune,12th,14.0,Business,635.0,73093.0,Yes
100114,60.0,31694.0,Hyderabad,Diploma,37.0,Business,686.0,13889.0,No
100702,45.0,100220.0,Jaipur,Diploma,22.0,Business,713.0,113627.0,No
101927,18.0,93270.0,Chennai,Postgraduate,0.0,Business,632.0,61632.0,No
100956,46.0,143794.0,Chennai,Diploma,27.0,Salaried,710.0,126069.0,No
101660,46.0,185717.0,Jaipur,Postgraduate,25.0,Salaried,820.0,50585.0,No
101648,45.0,61827.0,Chennai,10th,19.0,Salaried,684.0,51551.0,No
101897,32.0,118360.0,Bangalore,Graduate,10.0,Salaried,776.0,94834.0,No
101419,,27015.0,Mumbai,Graduate,31.0,Salaried,704.0,26398.0,No
101418,38.0,61659.0,Chennai,Graduate,20.0,Salaried,774.0,40939.0,No
101544,30.0,30410.0,Mumbai,Graduate,8.0,Contract,660.0,22589.0,No
101299,38.0,29166.0,Hyderabad,Diploma,14.0,Business,767.0,22572.0,No
101820,25.0,28678.0, Hyderabad,Graduate,1.0,Salaried,,30774.0,No
100444,34.0,80373.0,Mumbai,Diploma,12.0,Salaried,654.0,64624.0,No
101531,36.0,125326.0,Hyderabad,Graduate,17.0,Salaried,705.0,56024.0,No
101142,49.0,17071.0,Pune,Graduate,23.0,Salaried,575.0,10933.0,No
101727,30.0,72285.0,Bangalore,Graduate,5.0,Salaried,729.0,64506.0,No
101262,36.0,56409.0,Pune,12th,10.0,Contract,,40290.0,No
101875,48.0,36623.0,Pune,Graduate,22.0,Salaried,749.0,24273.0,No
101643,34.0,31908.0,Hyderabad,Postgraduate,10.0,Self-Employed,770.0,22226.0,No
101707,42.0,41216.0,Hyderabad,12th,15.0,Contract,679.0,28321.0,No
101406,27.0,13662.0,Kolkata,Graduate,1.0,Business,624.0,4357.0,No
100667,32.0,87692.0,Delhi,Graduate,9.0,Self-Employed,707.0,69799.0,No
101847,48.0,100214.0,Mumbai,Graduate,26.0,Salaried,950.0,93358.0,No
101263,40.0,33441.0,Pune,Diploma,18.0,Business,722.0,33535.0,No
101785,36.0,71004.0,Bangalore,Postgraduate,14.0,Contract,771.0,37864.0,No
101712,34.0,26673.0,Hyderabad,Postgraduate,7.0,Salaried,757.0,29372.0,No
100319,38.0,40458.0,Delhi,Graduate,15.0,Contract,625.0,30198.0,Yes
100652,46.0,126842.0,Bangalore,Postgraduate,26.0,Self-Employed,619.0,67366.0,No
101443,37.0,59434.0,Jaipur,12th,14.0,Salaried,649.0,51384.0,No
101489,20.0,33076.0,Hyderabad,Graduate,0.0,Salaried,685.0,10682.0,No
100713,30.0,72404.0,Bangalore,Graduate,7.0,Business,689.0,41598.0,No
101391,40.0,23104.0,Chennai,Postgraduate,16.0,Salaried,567.0,1000.0,Yes
101290,18.0,46942.0,Hyderabad,,0.0,Salaried,634.0,11006.0,No
100977,30.0,110208.0,Pune,10th,5.0,Salaried,817.0,126775.0,No
100631,18.0,64745.0,Pune,10th,0.0,Self-Employed,640.0,67709.0,No
100636,18.0,99155.0,Hyderabad,Graduate,0.0,Self-Employed,726.0,11916.0,No
101314,41.0,31476.0,Hyderabad,12th,22.0,Business,806.0,13538.0,No
101409,32.0,48666.0,Chennai,Graduate,12.0,Business,707.0,23702.0,No
101417,36.0,87334.0,Delhi,Postgraduate,18.0,Business,747.0,47747.0,No
101254,39.0,98425.0,Chennai,Graduate,15.0,Salaried,709.0,66970.0,No
101965,41.0,39362.0,Delhi,10th,19.0,Self-Employed,743.0,14460.0,No
101260,34.0,121185.0,Jaipur,Postgraduate,16.0,Salaried,760.0,127609.0,No
101506,30.0,25854.0,Hyderabad,12th,3.0,Business,576.0,18397.0,No
101380,53.0,36847.0,Chennai,Postgraduate,31.0,Salaried,771.0,34584.0,No
101540,18.0,50357.0,Hyderabad,Diploma,0.0,Salaried,589.0,37514.0,No
101675,51.0,53078.0,Bangalore,12th,31.0,Contract,671.0,19138.0,No
101363,36.0,20505.0,Delhi,Diploma,14.0,Self-Employed,713.0,21994.0,No
101937,38.0,109351.0,Mumbai,Graduate,20.0,Salaried,709.0,70165.0,No
101912,57.0,750000.0,Hyderabad,Graduate,33.0,Salaried,769.0,21714.0,No
101655,38.0,59709.0,Chennai,12th,20.0,Self-Employed,719.0,67302.0,No
101860,38.0,49396.0,Pune,Diploma,14.0,Self-Employed,700.0,19393.0,No
100800,,64906.0,Kolkata,Diploma,15.0,Salaried,728.0,51528.0,No
100649,33.0,55474.0,Chennai,Postgraduate,10.0,Salaried,797.0,54348.0,No
101017,28.0,23848.0,Chennai,Diploma,10.0,Business,730.0,10390.0,No
101851,29.0,41214.0,Hyderabad,Diploma,5.0,Contract,666.0,25273.0,No
100560,31.0,91440.0,Mumbai,Postgraduate,12.0,Business,,18313.0,No
100685,23.0,66130.0,Bangalore,Postgraduate,1.0,Salaried,654.0,49728.0,No
100581,38.0,67491.0,Hyderabad,,16.0,Salaried,,17944.0,No
101115,37.0,68120.0,Chennai,Graduate,16.0,Salaried,621.0,62370.0,No
101273,24.0,89309.0,Chennai,Graduate,0.0,Salaried,850.0,64956.0,No
101734,32.0,59568.0,Pune,10th,6.0,Contract,764.0,18122.0,No
101189,41.0,89878.0,Kolkata,12th,20.0,Salaried,,35704.0,No
100528,35.0,76792.0,Bangalore,Postgraduate,15.0,Salaried,749.0,7383.0,No
101064,18.0,41108.0,Hyderabad, Graduate,0.0,Salaried,770.0,20152.0,No
100544,49.0,46417.0,Jaipur,Graduate,26.0,Salaried,,40593.0,No
101200,49.0,69955.0,Kolkata,Diploma,29.0,Self-Employed,746.0,24857.0,No
101690,32.0,50597.0,Delhi,Diploma,5.0,Self-Employed,673.0,22949.0,No
100752,21.0,130646.0,Mumbai,Graduate,0.0,Unemployed,715.0,33993.0,No
101863,43.0,54787.0,Kolkata,,23.0,Business,671.0,28439.0,No
101439,40.0,27079.0,Bangalore,Postgraduate,17.0,Business,723.0,2104.0,No
100488,24.0,,Hyderabad,12th,3.0,Contract,632.0,54010.0,Yes
101769,36.0,750000.0,Chennai,Diploma,17.0,Salaried,634.0,51397.0,No
100097,38.0,79527.0,Hyderabad,10th,14.0,Business,726.0,24163.0,No
101025,52.0,19668.0,Chennai,12th,27.0,Contract,553.0,17652.0,Yes
100567,18.0,31805.0,Kolkata,Postgraduate,0.0,Unemployed,658.0,14612.0,No
101270,47.0,78485.0,Mumbai,12th,27.0,Business,735.0,30939.0,No
100746,28.0,46721.0,Chennai,Diploma,6.0,,713.0,6858.0,No
100868,38.0,33773.0,Mumbai,10th,17.0,Salaried,736.0,36939.0,No
101609,38.0,26182.0,Mumbai,Graduate,12.0,Salaried,781.0,36465.0,No
101726,46.0,75780.0,Hyderabad,Diploma,27.0,Salaried,745.0,58687.0,No
101494,37.0,40973.0,Bangalore,Graduate,10.0,Self-Employed,793.0,24475.0,No
100896,41.0,476641.0,Hyderabad,Graduate,23.0,Business,633.0,352144.0,Yes
101588,31.0,33194.0,Hyderabad,Postgraduate,10.0,Salaried,771.0,35732.0,No
101043,46.0,39835.0,Kolkata,Graduate,19.0,Salaried,758.0,11823.0,No
100208,40.0,66881.0,Mumbai,Graduate,14.0,Salaried,687.0,41149.0,No
100395,47.0,52533.0,Mumbai,Graduate,21.0,Salaried,758.0,62441.0,No
100799,35.0,45130.0,Bangalore,Postgraduate,13.0,Contract,811.0,21681.0,No
100875,35.0,54068.0,Bangalore,Graduate,14.0,Contract,645.0,44362.0,No
100400,47.0,57138.0,Jaipur,Postgraduate,26.0,Self-Employed,745.0,50966.0,No
100770,53.0,49367.0,Bangalore,Graduate,32.0,Salaried,655.0,38486.0,No
101853,23.0,112187.0,Hyderabad,Graduate,0.0,Salaried,710.0,109042.0,No
101247,35.0,70109.0,Bangalore,Graduate,16.0,Salaried,703.0,54745.0,No
101033,39.0,70581.0,Chennai,Postgraduate,16.0,Salaried,779.0,23410.0,No
101804,20.0,,Delhi,12th,2.0,Salaried,739.0,45434.0,No
100646,32.0,35720.0,Kolkata,Diploma,8.0,,542.0,25506.0,Yes
101903,47.0,137734.0,Delhi,Diploma,24.0,Contract,653.0,39991.0,No
100616,36.0,79434.0,Kolkata,12th,14.0,Self-Employed,606.0,53604.0,Yes
101774,37.0,36216.0,Mumbai,Postgraduate,16.0,Self-Employed,689.0,32193.0,No
100965,34.0,107773.0,,Diploma,9.0,Salaried,691.0,72296.0,No
101581,37.0,176966.0,Jaipur,Graduate,12.0,Self-Employed,705.0,179808.0,No
100729,30.0,36560.0,Hyderabad,Diploma,4.0,Salaried,719.0,23783.0,No
100687,33.0,71196.0,Hyderabad,Postgraduate,10.0,Salaried,699.0,14485.0,No
100100,33.0,86243.0,Hyderabad,Graduate,11.0,Business,668.0,73885.0,No
100809,48.0,90994.0,Chennai,Postgraduate,24.0,Business,708.0,19715.0,No
101763,36.0,35169.0,Pune,Graduate,12.0,Self-Employed,643.0,16358.0,No
101608,51.0,99726.0,Delhi,Postgraduate,33.0,Contract,658.0,40902.0,No
100409,36.0,85936.0,Delhi,Postgraduate,17.0,Salaried,796.0,15035.0,No
100506,30.0,34930.0,Bangalore,Graduate,7.0,Salaried,702.0,17673.0,No
101077,19.0,84240.0,Bangalore,Graduate,0.0,Salaried,618.0,64328.0,Yes
101061,43.0,65492.0,Kolkata,Graduate,20.0,Salaried,756.0,61189.0,No
100934,18.0,93014.0,Jaipur,12th,0.0,Self-Employed,712.0,65868.0,No
100784,41.0,31007.0,Pune,Graduate,16.0,Business,653.0,10035.0,No
100202,41.0,49518.0,Mumbai,Diploma,23.0,Business,641.0,39675.0,No
100136,50.0,40119.0,Hyderabad,Graduate,29.0,Salaried,713.0,10644.0,No
101056,28.0,34333.0,Kolkata,Graduate,3.0,Contract,640.0,17958.0,No
100041,42.0,,Kolkata,Graduate,21.0,Self-Employed,639.0,1000.0,No
101022,29.0,42632.0,Hyderabad,12th,5.0,Contract,722.0,11419.0,No
100232,37.0,84960.0,Hyderabad,Diploma,11.0,Contract,715.0,31550.0,No
101523,33.0,32337.0,Bangalore,Postgraduate,11.0,Self-Employed,618.0,5527.0,No
101808,40.0,18628.0,Bangalore,Graduate,22.0,Salaried,653.0,9840.0,No
100381,27.0,32371.0,Hyderabad,Postgraduate,7.0,Contract,785.0,1500000.0,No
100290,29.0,120258.0,Pune,Postgraduate,4.0,Contract,718.0,139442.0,No
100421,56.0,97842.0,Bangalore,Diploma,30.0,Salaried,790.0,66442.0,No
101710,25.0,56206.0,Delhi,Graduate,0.0,Salaried,748.0,58477.0,No
100394,53.0,38468.0,Chennai,Graduate,35.0,Salaried,704.0,16911.0,No
100596,30.0,15983.0,Mumbai,Graduate,,Contract,715.0,12263.0,No
101533,38.0,51959.0,Bangalore,Postgraduate,15.0,Salaried,683.0,45034.0,No
101168,41.0,59995.0,Pune,Graduate,23.0,Self-Employed,721.0,68948.0,No
101092,35.0,83527.0,Pune,Graduate,10.0,Salaried,773.0,75558.0,No
101505,33.0,41735.0,Pune,12th,13.0,Salaried,1100.0,39988.0,No
100651,53.0,33384.0,Jaipur,Postgraduate,33.0,Salaried,666.0,,No
101158,58.0,58411.0,Hyderabad,Diploma,34.0,Salaried,646.0,38205.0,No
101376,33.0,31316.0,Pune,Postgraduate,13.0,Salaried,694.0,31687.0,No
100524,41.0,46288.0,Hyderabad,Graduate,20.0,Self-Employed,771.0,35064.0,No
101874,43.0,24411.0,Kolkata,Diploma,19.0,Salaried,735.0,19719.0,No
100066,49.0,39918.0,,Diploma,29.0,Salaried,772.0,46737.0,No
101848,26.0,42637.0,Hyderabad,Postgraduate,8.0,Salaried,850.0,11593.0,No
100015,18.0,86795.0,Pune,10th,0.0,Salaried,802.0,30557.0,No
101186,44.0,114337.0,Delhi,Postgraduate,22.0,Contract,637.0,52133.0,No
101069,30.0,62254.0,Mumbai,10th,10.0,Salaried,695.0,50672.0,No
100496,40.0,86021.0,Bangalore,Diploma,15.0,Contract,712.0,94729.0,No
100382,29.0,32489.0,Kolkata,Graduate,4.0,Salaried,771.0,18569.0,No
100189,27.0,43434.0,Hyderabad,Graduate,5.0,Salaried,757.0,34662.0,No
100767,35.0,53993.0,Bangalore,Graduate,14.0,Salaried,678.0,54161.0,No
100218,33.0,53035.0,Hyderabad,,13.0,Salaried,756.0,49378.0,No
100796,46.0,34491.0,Pune,Postgraduate,19.0,Salaried,743.0,22675.0,No
101082,32.0,59414.0,Bangalore,Postgraduate,13.0,Business,535.0,37474.0,Yes
100883,30.0,39392.0,Mumbai,Graduate,6.0,Salaried,698.0,17063.0,No
100340,29.0,38250.0,Pune,Postgraduate,5.0,Contract,601.0,41749.0,Yes
101784,43.0,28864.0,Pune,Graduate,22.0,Business,686.0,31780.0,No
100723,22.0,30721.0,Mumbai,Graduate,0.0,Salaried,656.0,23535.0,No
101760,48.0,54330.0,Mumbai,Graduate,25.0,Business,688.0,14402.0,No
100297,44.0,69231.0,Hyderabad,Graduate,26.0,Salaried,709.0,71927.0,No
101737,24.0,42756.0,Bangalore,Graduate,3.0,Salaried,769.0,26593.0,No
101021,40.0,106429.0,Delhi,12th,22.0,Salaried,712.0,65210.0,No
101282,33.0,55916.0,Delhi,12th,10.0,Salaried,614.0,30784.0,No
101762,42.0,54665.0,Chennai,Postgraduate,17.0,Salaried,746.0,8407.0,No
101495,50.0,72869.0,Bangalore,Graduate,29.0,Salaried,630.0,81238.0,Yes
100459,29.0,72397.0,Mumbai,Postgraduate,5.0,Unemployed,603.0,73278.0,Yes
100037,37.0,68249.0,Chennai,Graduate,18.0,Salaried,723.0,51961.0,No
100820,46.0,19051.0,Jaipur,12th,25.0,Salaried,635.0,4002.0,No
101898,51.0,81299.0,Hyderabad,Diploma,33.0,Salaried,747.0,97825.0,No
100271,49.0,66590.0,Chennai,Graduate,22.0,,641.0,45579.0,No
101000,41.0,50498.0,Hyderabad,12th,15.0,Business,695.0,46284.0,No
100203,46.0,81712.0, Bangalore,Graduate,23.0,Salaried,805.0,84701.0,No
100163,47.0,72338.0,Hyderabad,Diploma,27.0,Self-Employed,596.0,36691.0,No
101590,36.0,44230.0,Jaipur,Diploma,10.0,Salaried,706.0,35907.0,No
100733,39.0,74957.0,Delhi,Graduate,21.0,Salaried,795.0,35837.0,No
100404,35.0,47367.0,Bangalore,Graduate,17.0,Contract,692.0,24437.0,No
100706,41.0,97723.0,Mumbai,Postgraduate,16.0,Business,677.0,53429.0,No
101510,50.0,41012.0,Mumbai,12th,24.0,Unemployed,696.0,20669.0,No
101857,49.0,25525.0,Kolkata,Diploma,24.0,Self-Employed,610.0,26706.0,Yes
101807,38.0,56060.0,Mumbai,Graduate,14.0,Self-Employed,650.0,64228.0,No
101135,33.0,56264.0,Chennai,Graduate,7.0,Unemployed,678.0,2497.0,No
100569,18.0,88189.0,,Graduate,0.0,Salaried,584.0,74962.0,Yes
101422,46.0,52713.0,Mumbai,12th,26.0,Salaried,710.0,50390.0,No
101026,39.0,44418.0,Mumbai,Graduate,17.0,Contract,707.0,50290.0,No
101030,25.0,56052.0,Delhi,Graduate,7.0,Business,623.0,32332.0,No
101420,,41044.0,Hyderabad,Graduate,17.0,Salaried,659.0,,No
101907,19.0,114014.0,Bangalore,Graduate,0.0,Salaried,771.0,59031.0,No
101596,25.0,103325.0,Mumbai,Postgraduate,3.0,Salaried,678.0,105237.0,No
101110,54.0,19667.0,Hyderabad,Diploma,35.0,Contract,678.0,22670.0,No
100207,40.0,124412.0,Bangalore,Graduate,22.0,Self-Employed,767.0,61648.0,No
100035,43.0,98539.0,Kolkata,Postgraduate,21.0,Business,655.0,37287.0,No
100780,41.0,71595.0,,Diploma,16.0,Self-Employed,759.0,84568.0,No
100512,34.0,74316.0,Hyderabad,12th,11.0,Business,744.0,28525.0,No
101461,34.0,139768.0,Delhi,Graduate,9.0,,670.0,95319.0,No
101488,18.0,79285.0,Mumbai,12th,0.0,Salaried,568.0,86368.0,Yes
101983,29.0,311365.0,Hyderabad,Postgraduate,11.0,Business,618.0,139804.0,No
101399,,191834.0,Chennai,Graduate,25.0,Salaried,713.0,26635.0,No
100093,28.0,77443.0,Pune,Graduate,4.0,Self-Employed,711.0,61525.0,No
101372,52.0,28500.0,Delhi,Graduate,33.0,Business,658.0,25664.0,No
100902,31.0,43554.0,Chennai,Graduate,12.0,Business,638.0,13876.0,No
100568,25.0,78685.0,Mumbai,Graduate,1.0,Salaried,609.0,28985.0,No
101378,45.0,32357.0,Pune,Postgraduate,26.0,Salaried,706.0,38053.0,No
100781,37.0,88972.0,Hyderabad,Graduate,14.0,Self-Employed,810.0,20979.0,No
100243,40.0,163102.0,Hyderabad,Diploma,18.0,Salaried,687.0,36314.0,No
100014,18.0,32799.0,Hyderabad,Diploma,0.0,Salaried,702.0,28441.0,No
100317,42.0,87248.0,Pune,Diploma,20.0,Salaried,577.0,27380.0,No
100604,49.0,28589.0,Chennai,Graduate,30.0,Salaried,560.0,26113.0,Yes
100390,29.0,97195.0,Delhi,Diploma,4.0,Salaried,689.0,93034.0,No
101305,40.0,100764.0,Delhi,Graduate,18.0,Salaried,,32852.0,No
100168,54.0,27541.0,Chennai,Diploma,29.0,Self-Employed,599.0,1000.0,Yes
100845,37.0,61964.0,Delhi,Graduate,16.0,Salaried,632.0,43553.0,No
100021,50.0,56843.0,Hyderabad,Graduate,29.0,Salaried,696.0,10460.0,No
100650,42.0,90340.0,Kolkata,Postgraduate,21.0,Self-Employed,655.0,42900.0,No
101854,44.0,29916.0,Chennai,Graduate,22.0,Salaried,763.0,3381.0,No
101518,41.0,69460.0,Delhi,Postgraduate,16.0,Salaried,772.0,73574.0,No
101160,32.0,65339.0,Chennai,12th,7.0,Salaried,721.0,63230.0,No
101539,23.0,53537.0,Jaipur,Postgraduate,5.0,Salaried,752.0,40406.0,No
100836,37.0,46638.0,Hyderabad,Graduate,15.0,Contract,731.0,9930.0,No
101274,32.0,81774.0,Delhi,Graduate,13.0,Contract,733.0,80190.0,No
101601,33.0,34959.0,Hyderabad,Graduate,7.0,Self-Employed,718.0,26457.0,No
101911,52.0,25253.0,Chennai,Postgraduate,30.0,Salaried,753.0,7584.0,No
100566,31.0,43942.0,Hyderabad,12th,12.0,Business,732.0,41937.0,No
101964,41.0,83948.0,Bangalore,Graduate,15.0,Salaried,709.0,56510.0,No
100690,39.0,77030.0,Delhi,12th,12.0,Salaried,743.0,38697.0,No
100962,48.0,39354.0,,Graduate,21.0,Salaried,706.0,27109.0,No
100191,31.0,22837.0,Hyderabad,Postgraduate,4.0,Salaried,604.0,14653.0,Yes
101818,28.0,51382.0,Kolkata,Graduate,1.0,Self-Employed,654.0,12264.0,No
100980,43.0,61389.0,Hyderabad,Graduate,16.0,Salaried,,52743.0,No
100703,28.0,,Hyderabad,Graduate,6.0,Contract,627.0,97218.0,No
101509,36.0,72419.0,Hyderabad,12th,17.0,Salaried,696.0,67868.0,No
101717,38.0,327351.0,Chennai,Postgraduate,11.0,Unemployed,729.0,144233.0,No
100514,26.0,47804.0,Delhi,Graduate,5.0,Salaried,631.0,17824.0,No
101088,37.0,107530.0,Kolkata,Graduate,17.0,Unemployed,596.0,50469.0,No
100478,38.0,122318.0,Chennai,Postgraduate,18.0,Salaried,654.0,102613.0,No
101595,18.0,109937.0,Bangalore,Postgraduate,0.0,Salaried,771.0,64806.0,No
100861,,41065.0,Kolkata,Graduate,15.0,Salaried,628.0,6873.0,No
100751,26.0,,Hyderabad,Postgraduate,5.0,Salaried,695.0,111521.0,No
100254,45.0,54636.0,Bangalore,Graduate,24.0,Salaried,688.0,25753.0,No
100022,33.0,64065.0,,10th,6.0,Business,620.0,21553.0,Yes
101346,20.0,134692.0,Pune,Graduate,0.0,Self-Employed,632.0,116805.0,Yes
100463,28.0,71706.0,Jaipur,Diploma,9.0,Unemployed,726.0,29139.0,No
101190,25.0,150449.0,Hyderabad,,2.0,Salaried,676.0,41796.0,No
100278,29.0,29239.0,Pune,12th,11.0,Self-Employed,632.0,33508.0,Yes
100960,39.0,29930.0,Pune,Graduate,20.0,Salaried,683.0,8591.0,No
101221,23.0,30869.0,Delhi,Graduate,0.0,Business,713.0,31258.0,No
100388,54.0,33083.0,Pune,12th,35.0,Salaried,,9829.0,No
100810,26.0,40654.0,Chennai,Postgraduate,2.0,Salaried,686.0,35996.0,No
101446,28.0,29364.0,Delhi,Diploma,9.0,Salaried,627.0,,No
101526,46.0,28838.0,Delhi,Graduate,26.0,Salaried,,11151.0,No
100346,37.0,100561.0,Mumbai,Postgraduate,11.0,Salaried,707.0,85820.0,No
100773,41.0,49904.0,Hyderabad,Graduate,23.0,Salaried,719.0,39621.0,No
101341,37.0,81099.0, Hyderabad,Graduate,14.0,Business,708.0,55154.0,No
101697,25.0,40160.0,Bangalore,Graduate,7.0,Salaried,649.0,18973.0,No
100132,36.0,55597.0,Mumbai,Postgraduate,18.0,Salaried,688.0,29848.0,No
101699,40.0,91886.0,Mumbai,12th,15.0,Contract,,32446.0,No
100876,53.0,33348.0,Jaipur,Graduate,34.0,Salaried,672.0,6444.0,No
101129,34.0,57243.0,Bangalore,12th,11.0,Self-Employed,822.0,44224.0,No
101405,45.0,69904.0,Jaipur,Graduate,20.0,Salaried,100.0,25958.0,No
100089,30.0,42865.0,Chennai,Postgraduate,8.0,Salaried,756.0,43014.0,No
101492,61.0,48908.0,Hyderabad,Postgraduate,41.0,Salaried,691.0,55601.0,No
100332,135.0,52876.0,Pune,Graduate,3.0,,639.0,24125.0,No
101244,25.0,98458.0,Delhi,12th,,Business,685.0,84047.0,No
100470,29.0,49019.0,Delhi,Diploma,7.0,Self-Employed,751.0,28344.0,No
100123,49.0,54420.0,Hyderabad,Diploma,24.0,Salaried,609.0,42703.0,Yes
101650,61.0,43389.0,Kolkata,Graduate,37.0,Business,805.0,46474.0,No
101049,50.0,69502.0,Mumbai,Postgraduate,27.0,Salaried,658.0,37593.0,No
101736,19.0,51429.0,Bangalore,Graduate,0.0,Self-Employed,738.0,8936.0,No
101101,45.0,37283.0,Delhi,Postgraduate,24.0,Contract,688.0,24625.0,No
101136,45.0,70174.0,Mumbai,Graduate,27.0,Salaried,721.0,,No
101302,45.0,,Kolkata,12th,20.0,Contract,712.0,24962.0,No
100865,29.0,68859.0,Jaipur,10th,11.0,Salaried,824.0,65018.0,No
101469,23.0,42834.0,Jaipur,Graduate,5.0,Salaried,611.0,38677.0,No
101132,39.0,53875.0,Delhi,Graduate,12.0,Unemployed,730.0,47666.0,No
